NameSpace	Name	QualifiedName	NumberOfMethods	LinesOfCode	DepthOfInheritance	CyclomaticComplexity	ClassCoupling	AnonymousInnerClassLength	ClassFanOutComplexity	ClassDataAbstractionCoupling	Toxicity
System.Data.Entity.Core.Common.EntitySql	SemanticAnalyzer	System.Data.Entity.Core.Common.EntitySql.SemanticAnalyzer	90	2074	1	721	197	0	0	0	22.2477231
System.Data.Entity.Core.Objects	ObjectStateManager	System.Data.Entity.Core.Objects.ObjectStateManager	138	1309	1	676	101	0	0	0	20.00594971
System.Data.Entity.Migrations.Infrastructure	EdmModelDiffer	System.Data.Entity.Migrations.Infrastructure.EdmModelDiffer	85	1032	1	683	210	0	0	0	19.8980527
System.Data.Entity.Core.Objects	EntityEntry	System.Data.Entity.Core.Objects.EntityEntry	132	1420	2	625	106	0	0	0	19.33607559
System.Data.Entity.Core.Mapping	MappingItemLoader	System.Data.Entity.Core.Mapping.MappingItemLoader	67	1243	1	468	148	0	0	0	18.63746988
System.Data.Entity	QueryableExtensions	System.Data.Entity.QueryableExtensions	166	1005	1	330	57	0	0	0	18.4359052
System.Data.Entity.Core.Common.EntitySql	CqlParser	System.Data.Entity.Core.Common.EntitySql.CqlParser	33	909	1	311	57	0	0	0	18.35812451
System.Data.Entity.Core.Objects	ObjectContext	System.Data.Entity.Core.Objects.ObjectContext	159	1266	1	480	199	0	0	0	16.75645639
System.Data.Entity.Core.Objects.DataClasses	RelatedEnd	System.Data.Entity.Core.Objects.DataClasses.RelatedEnd	134	860	1	452	99	0	0	0	16.63418221
System.Data.Entity.ModelConfiguration.Configuration.Mapping	EntityMappingConfiguration	System.Data.Entity.ModelConfiguration.Configuration.Mapping.EntityMappingConfiguration	40	548	1	256	108	0	0	0	15.66408505
System.Data.Entity.Core.Common.CommandTrees.ExpressionBuilder	DbExpressionBuilder	System.Data.Entity.Core.Common.CommandTrees.ExpressionBuilder.DbExpressionBuilder	164	896	1	270	117	0	0	0	15.41713563
System.Data.Entity.Core.Query.PlanCompiler	ITreeGenerator	System.Data.Entity.Core.Query.PlanCompiler.ITreeGenerator	98	913	2	270	152	0	0	0	15.26775276
System.Data.Entity.Core.Query.PlanCompiler	NominalTypeEliminator	System.Data.Entity.Core.Query.PlanCompiler.NominalTypeEliminator	78	912	3	295	134	0	0	0	14.89104253
System.Data.Entity.Core.Query.PlanCompiler	PreProcessor	System.Data.Entity.Core.Query.PlanCompiler.PreProcessor	62	627	4	209	107	0	0	0	14.71479347
System.Data.Entity.Core.Objects.Internal	ShapedBufferedDataRecord	System.Data.Entity.Core.Objects.Internal.ShapedBufferedDataRecord	55	436	2	154	40	0	0	0	14.24273716
System.Data.Entity.Core.Metadata.Edm	EdmModelSemanticValidationRules	System.Data.Entity.Core.Metadata.Edm.EdmModelSemanticValidationRules	13	378	1	278	56	0	0	0	14.14562692
System.Data.Entity.Core.Query.PlanCompiler	CTreeGenerator	System.Data.Entity.Core.Query.PlanCompiler.CTreeGenerator	93	595	2	183	139	0	0	0	13.69133752
System.Data.Entity.Core.Common.Internal.Materialization	Translator.TranslatorVisitor	System.Data.Entity.Core.Common.Internal.Materialization.Translator.TranslatorVisitor	44	524	2	168	99	0	0	0	13.68125662
System.Data.Entity.Core.Query.PlanCompiler	NestPullup	System.Data.Entity.Core.Query.PlanCompiler.NestPullup	52	773	3	207	80	0	0	0	13.5452754
System.Data.Entity.ModelConfiguration.Configuration.Types	EntityTypeConfiguration	System.Data.Entity.ModelConfiguration.Configuration.Types.EntityTypeConfiguration	52	382	3	207	87	0	0	0	13.53947243
System.Data.Entity.Migrations.Design	VisualBasicMigrationCodeGenerator	System.Data.Entity.Migrations.Design.VisualBasicMigrationCodeGenerator	56	684	2	202	96	0	0	0	13.27443189
System.Data.Entity.Migrations.Design	CSharpMigrationCodeGenerator	System.Data.Entity.Migrations.Design.CSharpMigrationCodeGenerator	56	664	2	198	98	0	0	0	13.16900266
System.Data.Entity.Core.Metadata.Edm	Converter	System.Data.Entity.Core.Metadata.Edm.Converter	28	469	1	179	107	0	0	0	13.02447708
System.Data.Entity.Core.Metadata.Edm	EdmXmlSchemaWriter	System.Data.Entity.Core.Metadata.Edm.EdmXmlSchemaWriter	40	292	2	120	59	0	0	0	12.27653111
System.Data.Entity.Core.Mapping.ViewGeneration.QueryRewriting	QueryRewriter	System.Data.Entity.Core.Mapping.ViewGeneration.QueryRewriting.QueryRewriter	49	518	1	221	82	0	0	0	12.24579323
System.Data.Entity.Core.Objects.DataClasses	RelationshipManager	System.Data.Entity.Core.Objects.DataClasses.RelationshipManager	61	559	1	248	97	0	0	0	11.99580213
System.Data.Entity.Core.Query.PlanCompiler	JoinGraph	System.Data.Entity.Core.Query.PlanCompiler.JoinGraph	62	709	1	344	47	0	0	0	11.95995469
System.Data.Entity.Core.SchemaObjectModel	Schema	System.Data.Entity.Core.SchemaObjectModel.Schema	59	404	2	171	60	0	0	0	11.72819812
System.Data.Entity.Core.Metadata.Edm	MetadataWorkspace	System.Data.Entity.Core.Metadata.Edm.MetadataWorkspace	76	434	1	204	90	0	0	0	11.70321519
System.Data.Entity.Core.Mapping.Update.Internal	UpdateTranslator	System.Data.Entity.Core.Mapping.Update.Internal.UpdateTranslator	39	321	1	148	102	0	0	0	11.53859321
System.Data.Entity.Migrations.Infrastructure	DynamicToFunctionModificationCommandConverter	System.Data.Entity.Migrations.Infrastructure.DynamicToFunctionModificationCommandConverter	15	194	3	107	80	0	0	0	11.46897358
System.Data.Entity.Core.Metadata.Edm	EdmFunction	System.Data.Entity.Core.Metadata.Edm.EdmFunction	33	126	4	82	37	0	0	0	11.01064655
System.Data.Entity.Core.EntityClient	EntityConnection	System.Data.Entity.Core.EntityClient.EntityConnection	45	299	4	142	73	0	0	0	10.98740913
System.Data.Entity.Core.Common.CommandTrees.Internal	ViewSimplifier	System.Data.Entity.Core.Common.CommandTrees.Internal.ViewSimplifier	14	299	1	108	77	0	0	0	10.86316339
System.Data.Entity.Migrations	DbMigrator	System.Data.Entity.Migrations.DbMigrator	47	493	2	215	106	0	0	0	10.76206442
System.Data.Entity.ModelConfiguration.Configuration.Mapping	EntityMappingService	System.Data.Entity.ModelConfiguration.Configuration.Mapping.EntityMappingService	17	310	1	177	72	0	0	0	10.70369381
System.Data.Entity.Core.Mapping.ViewGeneration.Validation	ErrorPatternMatcher	System.Data.Entity.Core.Mapping.ViewGeneration.Validation.ErrorPatternMatcher	22	276	1	149	46	0	0	0	10.57070135
System.Data.Entity.Core.Objects.DataClasses	EntityReference	System.Data.Entity.Core.Objects.DataClasses.EntityReference	33	309	2	177	55	0	0	0	10.52002363
System.Data.Entity.Core.Common.CommandTrees.Internal	ExpressionKeyGen	System.Data.Entity.Core.Common.CommandTrees.Internal.ExpressionKeyGen	58	396	2	103	92	0	0	0	10.3296699
System.Data.Entity.Core.Common.CommandTrees.ExpressionBuilder.Internal	ArgumentValidation	System.Data.Entity.Core.Common.CommandTrees.ExpressionBuilder.Internal.ArgumentValidation	64	494	1	229	84	0	0	0	10.25808033
System.Data.Entity.ModelConfiguration.Configuration.Mapping	ForeignKeyPrimitiveOperations	System.Data.Entity.ModelConfiguration.Configuration.Mapping.ForeignKeyPrimitiveOperations	13	197	1	99	62	0	0	0	10.20625526
System.Data.Entity.Core.Common.EntitySql	CqlLexer	System.Data.Entity.Core.Common.EntitySql.CqlLexer	117	671	1	229	26	0	0	0	10.16195964
System.Data.Entity.Core.Common.CommandTrees.Internal	ExpressionPrinter.PrinterVisitor	System.Data.Entity.Core.Common.CommandTrees.Internal.ExpressionPrinter.PrinterVisitor	71	467	2	136	98	0	0	0	10.09724349
System.Data.Entity.Core.Metadata.Edm.Provider	EdmProviderManifest	System.Data.Entity.Core.Metadata.Edm.Provider.EdmProviderManifest	23	408	2	95	30	0	0	0	10.0276502
System.Data.Entity.ModelConfiguration.Configuration.Properties.Navigation	NavigationPropertyConfiguration	System.Data.Entity.ModelConfiguration.Configuration.Properties.Navigation.NavigationPropertyConfiguration	29	185	3	92	43	0	0	0	9.674828821
System.Data.Entity.Core.Mapping.ViewGeneration.Structures	CellQuery	System.Data.Entity.Core.Mapping.ViewGeneration.Structures.CellQuery	41	289	2	120	61	0	0	0	9.656563473
System.Data.Entity.Infrastructure.Pluralization	EnglishPluralizationService	System.Data.Entity.Infrastructure.Pluralization.EnglishPluralizationService	13	311	1	152	19	0	0	0	9.628326761
System.Data.Entity.ModelConfiguration.Conventions	ComplexTypeDiscoveryConvention	System.Data.Entity.ModelConfiguration.Conventions.ComplexTypeDiscoveryConvention	2	68	1	44	47	0	0	0	9.579625473
System.Data.Entity.Core	EntityKey	System.Data.Entity.Core.EntityKey	51	389	1	172	53	0	0	0	9.565213694
System.Data.Entity.Core.Mapping.ViewGeneration.Validation	ForeignConstraint	System.Data.Entity.Core.Mapping.ViewGeneration.Validation.ForeignConstraint	23	334	2	126	55	0	0	0	9.46498259
System.Data.Entity.Core.Mapping	StorageMappingItemCollection	System.Data.Entity.Core.Mapping.StorageMappingItemCollection	40	310	5	153	94	0	0	0	9.45720045
System.Data.Entity.Core.Objects	RelationshipEntry	System.Data.Entity.Core.Objects.RelationshipEntry	53	240	2	111	43	0	0	0	9.357293785
System.Data.Entity.Core.Query.InternalTrees	Command	System.Data.Entity.Core.Query.InternalTrees.Command	140	438	1	178	126	0	0	0	9.351839934
System.Data.Entity.Core.Mapping.ViewGeneration	BasicViewGenerator	System.Data.Entity.Core.Mapping.ViewGeneration.BasicViewGenerator	15	209	2	96	44	0	0	0	9.344696424
System.Data.Entity.Core.Metadata.Edm	MetadataItem	System.Data.Entity.Core.Metadata.Edm.MetadataItem	35	223	1	77	38	0	0	0	9.276128113
System.Data.Entity.Internal	InternalContext	System.Data.Entity.Internal.InternalContext	118	373	1	219	135	0	0	0	9.238927829
System.Data.Entity.Core.Common.Internal.Materialization	CodeGenEmitter	System.Data.Entity.Core.Common.Internal.Materialization.CodeGenEmitter	28	241	1	75	60	0	0	0	9.169518377
System.Data.Entity.Core.EntityClient	EntityCommand	System.Data.Entity.Core.EntityClient.EntityCommand	71	265	4	135	67	0	0	0	9.152181458
System.Data.Entity.Core.Mapping	DefaultObjectMappingItemCollection	System.Data.Entity.Core.Mapping.DefaultObjectMappingItemCollection	27	320	5	119	56	0	0	0	9.116029693
System.Data.Entity.Core.Mapping	FunctionImportStructuralTypeMappingKB	System.Data.Entity.Core.Mapping.FunctionImportStructuralTypeMappingKB	8	188	1	82	48	0	0	0	9.012864567
System.Data.Entity.Core.SchemaObjectModel	Function	System.Data.Entity.Core.SchemaObjectModel.Function	46	261	3	123	34	0	0	0	8.921057018
System.Data.Entity.Core.Query.InternalTrees	Dump	System.Data.Entity.Core.Query.InternalTrees.Dump	46	339	2	97	71	0	0	0	8.917578754
System.Data.Entity.Core.Mapping.ViewGeneration	CellCreator	System.Data.Entity.Core.Mapping.ViewGeneration.CellCreator	11	193	2	78	59	0	0	0	8.769973212
System.Data.Entity.Core.Mapping.ViewGeneration.Structures	OpCellTreeNode	System.Data.Entity.Core.Mapping.ViewGeneration.Structures.OpCellTreeNode	27	252	3	103	49	0	0	0	8.628018747
System.Data.Entity.Core.Objects.ELinq	ExpressionConverter	System.Data.Entity.Core.Objects.ELinq.ExpressionConverter	74	489	1	246	123	0	0	0	8.52158354
System.Data.Entity.Core.Common	TypeHelpers	System.Data.Entity.Core.Common.TypeHelpers	52	278	1	169	60	0	0	0	8.476371197
System.Data.Entity.Core.Metadata.Edm	ObjectItemAttributeAssemblyLoader	System.Data.Entity.Core.Metadata.Edm.ObjectItemAttributeAssemblyLoader	24	273	2	116	78	0	0	0	8.435549202
System.Data.Entity.Core.Query.InternalTrees	OpCopier	System.Data.Entity.Core.Query.InternalTrees.OpCopier	79	275	3	97	95	0	0	0	8.251924714
System.Data.Entity.Core.Common.Internal.Materialization	Shaper	System.Data.Entity.Core.Common.Internal.Materialization.Shaper	29	299	1	120	70	0	0	0	8.188689124
System.Data.Entity.Core.Common.CommandTrees	DefaultExpressionVisitor	System.Data.Entity.Core.Common.CommandTrees.DefaultExpressionVisitor	76	483	2	191	91	0	0	0	8.136225555
System.Data.Entity.Core.Common.CommandTrees.Internal	ExpressionDumper	System.Data.Entity.Core.Common.CommandTrees.Internal.ExpressionDumper	77	341	2	98	87	0	0	0	8.086102536
System.Data.Entity.Core.Query.InternalTrees	ColumnMapFactory	System.Data.Entity.Core.Query.InternalTrees.ColumnMapFactory	11	159	1	62	76	0	0	0	8.018296139
System.Data.Entity.ModelConfiguration.Configuration	ModificationStoredProcedureConfiguration	System.Data.Entity.ModelConfiguration.Configuration.ModificationStoredProcedureConfiguration	22	149	1	99	44	0	0	0	7.98616486
System.Data.Entity.Core.EntityClient.Internal	DbConnectionOptions	System.Data.Entity.Core.EntityClient.Internal.DbConnectionOptions	10	168	1	76	12	0	0	0	7.985143931
System.Data.Entity.Migrations.History	HistoryRepository	System.Data.Entity.Migrations.History.HistoryRepository	24	301	2	93	71	0	0	0	7.933079772
System.Data.Entity.Infrastructure	IDbAsyncEnumerableExtensions	System.Data.Entity.Infrastructure.IDbAsyncEnumerableExtensions	94	398	1	97	67	0	0	0	7.914983006
System.Data.Entity.Core.Query.InternalTrees	BasicOpVisitor	System.Data.Entity.Core.Query.InternalTrees.BasicOpVisitor	76	79	1	78	78	0	0	0	7.896552702
System.Data.Entity.Core.Query.InternalTrees	Dump.AutoString	System.Data.Entity.Core.Query.InternalTrees.Dump.AutoString	3	85	1	78	7	0	0	0	7.839131648
System.Data.Entity.Core.Query.InternalTrees	BasicOpVisitorOfT<TResultType>	System.Data.Entity.Core.Query.InternalTrees.BasicOpVisitorOfT<TResultType>	77	155	1	79	74	0	0	0	7.827240902
System.Data.Entity.Internal	LazyInternalContext	System.Data.Entity.Internal.LazyInternalContext	42	205	2	93	52	0	0	0	7.791522819
System.Data.Entity.ModelConfiguration.Configuration	ModelConfiguration	System.Data.Entity.ModelConfiguration.Configuration.ModelConfiguration	44	303	2	200	80	0	0	0	7.783224016
System.Data.Entity.Core.Metadata.Edm	OSpaceTypeFactory	System.Data.Entity.Core.Metadata.Edm.OSpaceTypeFactory	29	294	1	120	68	0	0	0	7.780720886
System.Data.Entity.Core.Objects.DataClasses	EntityReference<TEntity>	System.Data.Entity.Core.Objects.DataClasses.EntityReference<TEntity>	39	249	3	132	66	0	0	0	7.626570206
System.Data.Entity.Core.Mapping.Update.Internal	UpdateCompiler	System.Data.Entity.Core.Mapping.Update.Internal.UpdateCompiler	11	156	1	59	53	0	0	0	7.601402335
System.Data.Entity.ModelConfiguration.Configuration	ForeignKeyAssociationMappingConfiguration	System.Data.Entity.ModelConfiguration.Configuration.ForeignKeyAssociationMappingConfiguration	13	112	2	57	46	0	0	0	7.560080465
System.Data.Entity.Core.Objects.Internal	ObjectSpanRewriter	System.Data.Entity.Core.Objects.Internal.ObjectSpanRewriter	25	215	1	87	50	0	0	0	7.495541944
System.Data.Entity.Core.Query.InternalTrees	NodeInfoVisitor	System.Data.Entity.Core.Query.InternalTrees.NodeInfoVisitor	26	332	2	99	45	0	0	0	7.495541944
System.Data.Entity.Core.SchemaObjectModel	ReturnType	System.Data.Entity.Core.SchemaObjectModel.ReturnType	23	147	4	70	33	0	0	0	7.495541944
System.Data.Entity.Core.Metadata.Edm	FacetValues	System.Data.Entity.Core.Metadata.Edm.FacetValues	17	132	1	95	13	0	0	0	7.473069088
System.Data.Entity.Core.Common.Utils	MetadataHelper	System.Data.Entity.Core.Common.Utils.MetadataHelper	52	284	1	141	84	0	0	0	7.454719949
System.Data.Entity.Core.Mapping	FunctionImportMappingComposableHelper	System.Data.Entity.Core.Mapping.FunctionImportMappingComposableHelper	13	185	1	65	73	0	0	0	7.424761762
System.Data.Entity.Migrations	DbMigration	System.Data.Entity.Migrations.DbMigration	55	234	1	92	76	0	0	0	7.383989458
System.Data.Entity.Core.Mapping	ViewValidator.AssociationSetViewValidator	System.Data.Entity.Core.Mapping.ViewValidator.AssociationSetViewValidator	52	185	2	73	77	0	0	0	7.315883505
System.Data.Entity.Core.Mapping	EntityContainerMapping	System.Data.Entity.Core.Mapping.EntityContainerMapping	46	129	4	69	41	0	0	0	7.265429723
System.Data.Entity.ModelConfiguration.Configuration.Properties.Navigation	ForeignKeyConstraintConfiguration	System.Data.Entity.ModelConfiguration.Configuration.Properties.Navigation.ForeignKeyConstraintConfiguration	11	91	2	47	43	0	0	0	7.218909708
System.Data.Entity.Core.Common.CommandTrees	BasicExpressionVisitor	System.Data.Entity.Core.Common.CommandTrees.BasicExpressionVisitor	60	148	2	73	64	0	0	0	7.215239979
System.Data.Entity.Core.Mapping.ViewGeneration.Structures	MemberPath	System.Data.Entity.Core.Mapping.ViewGeneration.Structures.MemberPath	37	271	2	128	49	0	0	0	7.163946684
System.Data.Entity.Core.Query.InternalTrees	BasicValidator	System.Data.Entity.Core.Query.InternalTrees.BasicValidator	59	168	2	87	63	0	0	0	7.160069208
System.Data.Entity.Core.Common.EntitySql	SemanticResolver	System.Data.Entity.Core.Common.EntitySql.SemanticResolver	49	259	1	121	74	0	0	0	7.151485464
System.Data.Entity.Core.Objects.DataClasses	EntityCollection<TEntity>	System.Data.Entity.Core.Objects.DataClasses.EntityCollection<TEntity>	51	241	2	114	70	0	0	0	7.122866659
System.Data.Entity.ModelConfiguration.Mappers	TypeMapper	System.Data.Entity.ModelConfiguration.Mappers.TypeMapper	10	183	1	66	67	0	0	0	7.076653815
System.Data.Entity.Core.EntityClient.Internal	EntityCommandDefinition	System.Data.Entity.Core.EntityClient.Internal.EntityCommandDefinition	21	198	2	72	86	0	0	0	7.069874128
System.Data.Entity.Core.Metadata.Edm	Helper	System.Data.Entity.Core.Metadata.Edm.Helper	63	252	1	147	57	0	0	0	7.057036982
System.Data.Entity.Core.Mapping	MappingItemLoader.ModificationFunctionMappingLoader	System.Data.Entity.Core.Mapping.MappingItemLoader.ModificationFunctionMappingLoader	11	219	1	78	59	0	0	0	6.950814768
System.Data.Entity.Utilities	TypeExtensions	System.Data.Entity.Utilities.TypeExtensions	57	285	1	160	58	0	0	0	6.943122423
System.Data.Entity.Core.Query.ResultAssembly	BridgeDataReader	System.Data.Entity.Core.Query.ResultAssembly.BridgeDataReader	57	277	3	94	56	0	0	0	6.869014451
System.Data.Entity.ModelConfiguration.Configuration.Properties.Primitive	PrimitivePropertyConfiguration	System.Data.Entity.ModelConfiguration.Configuration.Properties.Primitive.PrimitivePropertyConfiguration	44	287	3	145	70	0	0	0	6.866933284
System.Data.Entity.ModelConfiguration.Conventions	AssociationInverseDiscoveryConvention	System.Data.Entity.ModelConfiguration.Conventions.AssociationInverseDiscoveryConvention	3	71	1	46	32	0	0	0	6.841615476
System.Data.Entity.Core.Common	DbProviderServices	System.Data.Entity.Core.Common.DbProviderServices	51	226	1	96	60	0	0	0	6.835184586
System.Data.Entity.Core.Query.PlanCompiler	PlanCompiler	System.Data.Entity.Core.Query.PlanCompiler.PlanCompiler	23	129	1	45	37	0	0	0	6.805722553
System.Data.Entity.Internal.Linq	InternalSet<TEntity>	System.Data.Entity.Internal.Linq.InternalSet<TEntity>	40	209	2	84	73	0	0	0	6.756932389
System.Data.Entity.Core.Mapping.ViewGeneration.Structures	ScalarRestriction	System.Data.Entity.Core.Mapping.ViewGeneration.Structures.ScalarRestriction	12	128	4	53	36	0	0	0	6.733401892
System.Data.Entity.Core.Metadata.Edm	TypeUsage	System.Data.Entity.Core.Metadata.Edm.TypeUsage	35	195	2	88	44	0	0	0	6.733401892
System.Data.Entity.Core.Mapping	MetadataMappingHasherVisitor	System.Data.Entity.Core.Mapping.MetadataMappingHasherVisitor	47	261	2	88	59	0	0	0	6.663132696
System.Data.Entity.Core.Objects.ELinq	LinqExpressionNormalizer	System.Data.Entity.Core.Objects.ELinq.LinqExpressionNormalizer	13	135	2	117	24	0	0	0	6.651571874
System.Data.Entity.Core.Objects	ObjectQuery<T>	System.Data.Entity.Core.Objects.ObjectQuery<T>	40	158	2	67	67	0	0	0	6.606650186
System.Data.Entity.Core.SchemaObjectModel	SchemaElement	System.Data.Entity.Core.SchemaObjectModel.SchemaElement	52	215	1	118	33	0	0	0	6.510258341
System.Data.Entity.Core.Objects.ELinq	ELinqQueryState	System.Data.Entity.Core.Objects.ELinq.ELinqQueryState	11	88	2	40	37	0	0	0	6.499787041
System.Data.Entity.Core.Mapping	StorageMappingItemCollection.ViewDictionary	System.Data.Entity.Core.Mapping.StorageMappingItemCollection.ViewDictionary	9	135	1	46	63	0	0	0	6.492239835
System.Data.Entity.Core.Objects.Internal	IPocoImplementor	System.Data.Entity.Core.Objects.Internal.IPocoImplementor	14	251	1	51	51	0	0	0	6.478509642
System.Data.Entity.Core.Query.PlanCompiler	PropertyPushdownHelper	System.Data.Entity.Core.Query.PlanCompiler.PropertyPushdownHelper	38	163	2	76	66	0	0	0	6.473890696
System.Data.Entity.Core.SchemaObjectModel	TypeUsageBuilder	System.Data.Entity.Core.SchemaObjectModel.TypeUsageBuilder	40	292	1	165	32	0	0	0	6.461468176
System.Data.Entity.Internal	InternalEntityEntry	System.Data.Entity.Internal.InternalEntityEntry	36	201	1	91	70	0	0	0	6.461468176
System.Data.Entity.Infrastructure.Interception	DatabaseLogFormatter	System.Data.Entity.Infrastructure.Interception.DatabaseLogFormatter	55	142	1	102	48	0	0	0	6.445719819
System.Data.Entity.ModelConfiguration.Edm	EdmModelExtensions	System.Data.Entity.ModelConfiguration.Edm.EdmModelExtensions	36	246	1	96	69	0	0	0	6.436150368
System.Data.Entity.Core.Common.Internal	MultipartIdentifier	System.Data.Entity.Core.Common.Internal.MultipartIdentifier	3	96	1	32	6	0	0	0	6.429719478
System.Data.Entity	Database	System.Data.Entity.Database	43	149	1	74	55	0	0	0	6.354370041
System.Data.Entity.Core.Metadata.Edm	MslXmlSchemaWriter	System.Data.Entity.Core.Metadata.Edm.MslXmlSchemaWriter	36	268	2	116	63	0	0	0	6.269096284
System.Data.Entity.Core.Metadata.Edm	EdmProperty	System.Data.Entity.Core.Metadata.Edm.EdmProperty	55	134	3	98	45	0	0	0	6.263398263
System.Data.Entity.Core.Metadata.Edm	ObjectItemCollection	System.Data.Entity.Core.Metadata.Edm.ObjectItemCollection	25	140	4	77	51	0	0	0	6.263398263
System.Data.Entity.Core.Objects.ELinq	ExpressionConverter.StringTranslatorUtil	System.Data.Entity.Core.Objects.ELinq.ExpressionConverter.StringTranslatorUtil	7	102	1	41	43	0	0	0	6.253828812
System.Data.Entity.Core.Mapping.Update.Internal	UpdateExpressionVisitor<TReturn>	System.Data.Entity.Core.Mapping.Update.Internal.UpdateExpressionVisitor<TReturn>	47	95	2	49	49	0	0	0	6.240275845
System.Data.Entity.Core.Mapping	FunctionImportMappingComposable	System.Data.Entity.Core.Mapping.FunctionImportMappingComposable	18	198	3	70	77	0	0	0	6.152732695
System.Data.Entity.Core.Mapping.ViewGeneration.Structures	BoolExpression	System.Data.Entity.Core.Mapping.ViewGeneration.Structures.BoolExpression	38	121	2	58	55	0	0	0	6.109247583
System.Data.Entity.Infrastructure	CommitFailureHandler	System.Data.Entity.Infrastructure.CommitFailureHandler	26	146	2	62	55	0	0	0	6.109247583
System.Data.Entity.Core.Common.CommandTrees	DbExpressionVisitor	System.Data.Entity.Core.Common.CommandTrees.DbExpressionVisitor	45	3	1	45	47	0	0	0	6.052089169
System.Data.Entity.Core.Common.CommandTrees	DbExpressionVisitor<TResultType>	System.Data.Entity.Core.Common.CommandTrees.DbExpressionVisitor<TResultType>	45	3	1	45	47	0	0	0	6.052089169
System.Data.Entity.Core.Mapping.ViewGeneration	DiscriminatorMap	System.Data.Entity.Core.Mapping.ViewGeneration.DiscriminatorMap	5	123	1	48	44	0	0	0	6.00635316
System.Data.Entity.Core.Mapping	BaseMetadataMappingVisitor	System.Data.Entity.Core.Mapping.BaseMetadataMappingVisitor	38	199	1	181	51	0	0	0	5.934894196
System.Data.Entity.Core.Metadata.Edm	TypeSemantics	System.Data.Entity.Core.Metadata.Edm.TypeSemantics	63	365	1	191	38	0	0	0	5.840641657
System.Data.Entity.Core.Query.PlanCompiler	FilterOpRules	System.Data.Entity.Core.Query.PlanCompiler.FilterOpRules	10	228	1	59	39	0	0	0	5.834810737
System.Data.Entity.Core.Mapping.ViewGeneration	ViewgenGatekeeper	System.Data.Entity.Core.Mapping.ViewGeneration.ViewgenGatekeeper	7	126	2	44	44	0	0	0	5.81711116
System.Data.Entity.Core.SchemaObjectModel	SchemaManager	System.Data.Entity.Core.SchemaObjectModel.SchemaManager	21	157	1	92	37	0	0	0	5.81711116
System.Data.Entity.Core.Objects.Internal	EntityProxyFactory	System.Data.Entity.Core.Objects.Internal.EntityProxyFactory	30	199	1	83	63	0	0	0	5.799092654
System.Data.Entity	DbModelBuilder	System.Data.Entity.DbModelBuilder	32	131	1	52	57	0	0	0	5.780743516
System.Data.Entity.Core.SchemaObjectModel	ReferentialConstraint	System.Data.Entity.Core.SchemaObjectModel.ReferentialConstraint	12	100	2	63	21	0	0	0	5.777652323
System.Data.Entity.Core.Metadata.Edm	EdmModelSyntacticValidationRules	System.Data.Entity.Core.Metadata.Edm.EdmModelSyntacticValidationRules	3	52	1	46	22	0	0	0	5.774551546
System.Data.Entity.Core.Mapping.ViewGeneration.Structures	MemberDomainMap	System.Data.Entity.Core.Mapping.ViewGeneration.Structures.MemberDomainMap	21	137	2	74	44	0	0	0	5.730099783
System.Data.Entity.Core.Objects	MaterializedDataRecord	System.Data.Entity.Core.Objects.MaterializedDataRecord	37	184	2	89	48	0	0	0	5.723585102
System.Data.Entity.Core.Objects.ELinq	ReflectionUtil	System.Data.Entity.Core.Objects.ELinq.ReflectionUtil	9	363	1	32	24	0	0	0	5.624017506
System.Data.Entity.Core.Metadata.Edm	StoreItemCollection	System.Data.Entity.Core.Metadata.Edm.StoreItemCollection	23	149	4	45	48	0	0	0	5.598421959
System.Data.Entity.Core.Query.PlanCompiler	StructuredTypeInfo	System.Data.Entity.Core.Query.PlanCompiler.StructuredTypeInfo	35	296	1	125	48	0	0	0	5.598421959
System.Data.Entity.Core.Mapping.Update.Internal	FunctionUpdateCommand	System.Data.Entity.Core.Mapping.Update.Internal.FunctionUpdateCommand	19	145	2	68	68	0	0	0	5.583496309
System.Data.Entity	DbConfiguration	System.Data.Entity.DbConfiguration	42	135	1	47	42	0	0	0	5.575949103
System.Data.Entity.Core	EntityUtil	System.Data.Entity.Core.EntityUtil	31	123	1	75	54	0	0	0	5.575949103
System.Data.Entity.Core.Common.EntitySql	TypeResolver	System.Data.Entity.Core.Common.EntitySql.TypeResolver	20	147	1	67	44	0	0	0	5.529429088
System.Data.Entity.Core.Query.PlanCompiler	ProjectionPruner	System.Data.Entity.Core.Query.PlanCompiler.ProjectionPruner	33	159	3	64	49	0	0	0	5.509388337
System.Data.Entity.Migrations.Infrastructure	ModificationCommandTreeGenerator	System.Data.Entity.Migrations.Infrastructure.ModificationCommandTreeGenerator	18	172	1	80	60	0	0	0	5.480638923
System.Data.Entity.Core.Metadata.Edm	EdmItemCollection	System.Data.Entity.Core.Metadata.Edm.EdmItemCollection	22	138	4	61	53	0	0	0	5.438079309
System.Data.Entity.Core.Query.PlanCompiler	ColumnMapProcessor	System.Data.Entity.Core.Query.PlanCompiler.ColumnMapProcessor	15	166	1	60	48	0	0	0	5.375278408
System.Data.Entity.Core.Mapping.Update.Internal	Propagator.JoinPropagator	System.Data.Entity.Core.Mapping.Update.Internal.Propagator.JoinPropagator	10	147	1	45	41	0	0	0	5.342334252
System.Data.Entity.Core.Mapping.Update.Internal	UpdateTranslator.RelationshipConstraintValidator	System.Data.Entity.Core.Mapping.Update.Internal.UpdateTranslator.RelationshipConstraintValidator	8	109	1	53	50	0	0	0	5.298317367
System.Data.Entity.Core.Query.PlanCompiler	ApplyOpRules	System.Data.Entity.Core.Query.PlanCompiler.ApplyOpRules	9	195	1	47	37	0	0	0	5.278114659
System.Data.Entity.Core.Query.ResultAssembly	BridgeDataRecord	System.Data.Entity.Core.Query.ResultAssembly.BridgeDataRecord	47	202	2	77	37	0	0	0	5.241747015
System.Data.Entity.ModelConfiguration.Configuration	ConventionsConfiguration	System.Data.Entity.ModelConfiguration.Configuration.ConventionsConfiguration	31	224	1	124	46	0	0	0	5.170483995
System.Data.Entity.Core.Objects.ELinq	TypeSystem	System.Data.Entity.Core.Objects.ELinq.TypeSystem	12	149	1	77	40	0	0	0	5.135798437
System.Data.Entity.Core.Mapping.ViewGeneration.Structures	LeafCellTreeNode	System.Data.Entity.Core.Mapping.ViewGeneration.Structures.LeafCellTreeNode	19	103	3	39	63	0	0	0	5.105945474
System.Data.Entity	DbContext	System.Data.Entity.DbContext	33	83	1	40	42	0	0	0	5.049856007
System.Data.Entity.ModelConfiguration.Conventions	ForeignKeyDiscoveryConvention	System.Data.Entity.ModelConfiguration.Conventions.ForeignKeyDiscoveryConvention	4	56	1	29	24	0	0	0	4.9698133
System.Data.Entity.Core.Metadata.Edm	EdmSerializationVisitor	System.Data.Entity.Core.Metadata.Edm.EdmSerializationVisitor	31	140	2	56	43	0	0	0	4.96284463
System.Data.Entity.Core.Objects.ELinq	CompiledELinqQueryState	System.Data.Entity.Core.Objects.ELinq.CompiledELinqQueryState	5	69	3	20	36	0	0	0	4.882801923
System.Data.Entity.Core.Mapping.ViewGeneration.Structures	Domain	System.Data.Entity.Core.Mapping.ViewGeneration.Structures.Domain	30	198	2	88	43	0	0	0	4.86753445
System.Data.Entity.Core.Mapping.Update.Internal	Propagator.Evaluator	System.Data.Entity.Core.Mapping.Update.Internal.Propagator.Evaluator	26	187	3	72	50	0	0	0	4.787491743
System.Data.Entity.Core.Mapping.ViewGeneration	CqlGenerator	System.Data.Entity.Core.Mapping.ViewGeneration.CqlGenerator	14	152	2	48	46	0	0	0	4.718498871
System.Data.Entity.Core.Objects.ELinq	ExpressionConverter.MethodCallTranslator.SelectManyTranslator	System.Data.Entity.Core.Objects.ELinq.ExpressionConverter.MethodCallTranslator.SelectManyTranslator	4	82	3	26	35	0	0	0	4.700480366
System.Data.Entity.Spatial	DbSpatialServices	System.Data.Entity.Spatial.DbSpatialServices	129	17	1	130	12	0	0	0	4.691347882
System.Data.Entity.Spatial	DefaultSpatialServices	System.Data.Entity.Spatial.DefaultSpatialServices	127	220	2	132	13	0	0	0	4.672828834
System.Data.Entity.Core.Common.Internal	DbTypeMap	System.Data.Entity.Core.Common.Internal.DbTypeMap	4	79	1	28	8	0	0	0	4.65396035
System.Data.Entity.Internal.Validation	EntityValidatorBuilder	System.Data.Entity.Internal.Validation.EntityValidatorBuilder	10	107	1	65	56	0	0	0	4.644390899
System.Data.Entity.Core.Mapping.Update.Internal	ExtractorMetadata	System.Data.Entity.Core.Mapping.Update.Internal.ExtractorMetadata	5	104	1	35	46	0	0	0	4.564348191
System.Data.Entity.Core.Objects.Internal	EntityProxyTypeInfo	System.Data.Entity.Core.Objects.Internal.EntityProxyTypeInfo	16	70	1	35	43	0	0	0	4.510859507
System.Data.Entity.Core.Metadata.Edm.Provider	EdmProviderManifestSpatialFunctions	System.Data.Entity.Core.Metadata.Edm.Provider.EdmProviderManifestSpatialFunctions	1	115	1	1	1	0	0	0	4.442651256
System.Data.Entity.Core.Mapping.Update.Internal	PropagatorResult	System.Data.Entity.Core.Mapping.Update.Internal.PropagatorResult	26	84	1	46	44	0	0	0	4.430816799
System.Data.Entity.ModelConfiguration.Configuration	ConventionTypeConfiguration	System.Data.Entity.ModelConfiguration.Configuration.ConventionTypeConfiguration	32	166	1	75	37	0	0	0	4.430816799
System.Data.Entity.Edm	EdmModelVisitor	System.Data.Entity.Edm.EdmModelVisitor	47	112	1	82	33	0	0	0	4.394449155
System.Data.Entity.Internal	DbHelpers	System.Data.Entity.Internal.DbHelpers	21	196	1	85	50	0	0	0	4.382026635
System.Data.Entity.Core.Mapping.ViewGeneration.Validation	RewritingValidator	System.Data.Entity.Core.Mapping.ViewGeneration.Validation.RewritingValidator	11	139	1	49	49	0	0	0	4.33073334
System.Data.Entity	DbFunctions	System.Data.Entity.DbFunctions	94	132	1	95	20	0	0	0	4.304065093
System.Data.Entity.Core.Objects	EntityFunctions	System.Data.Entity.Core.Objects.EntityFunctions	93	127	1	93	11	0	0	0	4.290459441
System.Data.Entity.Core.Objects.DataClasses	StructuralObject	System.Data.Entity.Core.Objects.DataClasses.StructuralObject	90	210	1	115	26	0	0	0	4.248495242
System.Data.Entity.Core.Common.CommandTrees.ExpressionBuilder.Spatial	SpatialEdmFunctions	System.Data.Entity.Core.Common.CommandTrees.ExpressionBuilder.Spatial.SpatialEdmFunctions	88	317	1	88	5	0	0	0	4.219507705
System.Data.Entity.Core.Mapping	MappingFragment	System.Data.Entity.Core.Mapping.MappingFragment	33	113	3	50	35	0	0	0	4.17438727
System.Data.Entity.Core.Objects.Internal	TransactionManager	System.Data.Entity.Core.Objects.Internal.TransactionManager	77	154	1	80	12	0	0	0	4.043051268
System.Data.Entity.Spatial	DbGeometry	System.Data.Entity.Spatial.DbGeometry	75	162	1	77	10	0	0	0	4.007333185
System.Data.Entity.Core.Common.CommandTrees.ExpressionBuilder	EdmFunctions	System.Data.Entity.Core.Common.CommandTrees.ExpressionBuilder.EdmFunctions	74	280	1	79	19	0	0	0	3.988984047
System.Data.Entity.Core.Metadata.Edm	ItemCollection	System.Data.Entity.Core.Metadata.Edm.ItemCollection	29	126	3	50	36	0	0	0	3.988984047
System.Data.Entity.Core.Mapping.ViewGeneration.Structures	LeftCellWrapper	System.Data.Entity.Core.Mapping.ViewGeneration.Structures.LeftCellWrapper	24	94	2	42	43	0	0	0	3.951243719
System.Data.Entity.Infrastructure	DbEntityEntry<TEntity>	System.Data.Entity.Infrastructure.DbEntityEntry<TEntity>	33	83	1	38	34	0	0	0	3.951243719
System.Data.Entity.ModelConfiguration.Configuration	ValueConditionConfiguration	System.Data.Entity.ModelConfiguration.Configuration.ValueConditionConfiguration	20	131	1	66	40	0	0	0	3.912023005
System.Data.Entity.Core.Objects.ELinq	ExpressionConverter.MethodCallTranslator.SpatialMethodCallTranslator	System.Data.Entity.Core.Objects.ELinq.ExpressionConverter.MethodCallTranslator.SpatialMethodCallTranslator	7	101	2	15	23	0	0	0	3.871201011
System.Data.Entity.Core.Common.CommandTrees	DbExpressionRebinder	System.Data.Entity.Core.Common.CommandTrees.DbExpressionRebinder	8	101	3	45	45	0	0	0	3.80666249
System.Data.Entity.Core.Metadata.Edm	EntityType	System.Data.Entity.Core.Metadata.Edm.EntityType	19	85	6	40	33	0	0	0	3.80666249
System.Data.Entity.Core.Objects	CompiledQuery	System.Data.Entity.Core.Objects.CompiledQuery	35	114	1	38	33	0	0	0	3.80666249
System.Data.Entity.Core.Query.PlanCompiler	GroupByOpRules	System.Data.Entity.Core.Query.PlanCompiler.GroupByOpRules	5	117	1	36	34	0	0	0	3.784189634
System.Data.Entity.Infrastructure	DbRawSqlQuery<TElement>	System.Data.Entity.Infrastructure.DbRawSqlQuery<TElement>	64	157	1	67	29	0	0	0	3.784189634
System.Data.Entity.Core.Query.PlanCompiler	Validator	System.Data.Entity.Core.Query.PlanCompiler.Validator	12	99	3	16	16	0	0	0	3.761200116
System.Data.Entity.Infrastructure	DbContextInfo	System.Data.Entity.Infrastructure.DbContextInfo	23	109	1	60	44	0	0	0	3.737669618
System.Data.Entity.Core.Mapping.Update.Internal	UpdateCommandOrderer	System.Data.Entity.Core.Mapping.Update.Internal.UpdateCommandOrderer	8	115	2	87	38	0	0	0	3.688879454
System.Data.Entity.Core.Metadata.Edm.Provider	ClrProviderManifest	System.Data.Entity.Core.Metadata.Edm.Provider.ClrProviderManifest	14	102	2	39	27	0	0	0	3.63758616
System.Data.Entity.Spatial	DbGeography	System.Data.Entity.Spatial.DbGeography	58	131	1	60	10	0	0	0	3.63758616
System.Data.Entity.Core.Metadata.Edm	EdmValidator	System.Data.Entity.Core.Metadata.Edm.EdmValidator	23	130	1	69	34	0	0	0	3.583518938
System.Data.Entity.Core.Query.PlanCompiler	ProjectOpRules	System.Data.Entity.Core.Query.PlanCompiler.ProjectOpRules	5	111	1	42	25	0	0	0	3.583518938
System.Data.Entity.Infrastructure.Annotations	IndexAnnotationSerializer	System.Data.Entity.Infrastructure.Annotations.IndexAnnotationSerializer	6	78	1	39	21	0	0	0	3.583518938
System.Data.Entity.Internal	InterceptableDbCommand	System.Data.Entity.Internal.InterceptableDbCommand	27	66	4	44	24	0	0	0	3.555348061
System.Data.Entity.Core.EntityClient	EntityParameter	System.Data.Entity.Core.EntityClient.EntityParameter	54	199	3	118	31	0	0	0	3.526360525
System.Data.Entity.Core.Metadata.Edm	EdmModel	System.Data.Entity.Core.Metadata.Edm.EdmModel	37	99	2	47	32	0	0	0	3.526360525
System.Data.Entity.Core.Objects.ELinq	ExpressionConverter.MethodCallTranslator	System.Data.Entity.Core.Objects.ELinq.ExpressionConverter.MethodCallTranslator	13	81	3	46	64	0	0	0	3.526360525
System.Linq.Expressions	EntityExpressionVisitor	System.Linq.Expressions.EntityExpressionVisitor	31	229	1	118	33	0	0	0	3.496507561
System.Data.Entity.ModelConfiguration.Configuration.Types	StructuralTypeConfiguration	System.Data.Entity.ModelConfiguration.Configuration.Types.StructuralTypeConfiguration	16	89	2	48	62	0	0	0	3.465735903
System.Data.Entity.Core.Query.PlanCompiler	TransformationRulesContext	System.Data.Entity.Core.Query.PlanCompiler.TransformationRulesContext	25	147	2	80	36	0	0	0	3.401197382
System.Data.Entity.Core.SchemaObjectModel	EntityContainer	System.Data.Entity.Core.SchemaObjectModel.EntityContainer	25	169	3	89	36	0	0	0	3.401197382
System.Data.Entity.ModelConfiguration.Edm.Services	ModificationFunctionMappingGenerator	System.Data.Entity.ModelConfiguration.Edm.Services.ModificationFunctionMappingGenerator	10	96	2	40	60	0	0	0	3.401197382
System.Data.Entity.Core.Objects	DbUpdatableDataRecord	System.Data.Entity.Core.Objects.DbUpdatableDataRecord	49	124	2	67	24	0	0	0	3.36729583
System.Data.Entity.Infrastructure	TransactionHandler	System.Data.Entity.Infrastructure.TransactionHandler	49	40	1	69	28	0	0	0	3.36729583
System.Data.Entity.ModelConfiguration.Edm	DbDatabaseMappingExtensions	System.Data.Entity.ModelConfiguration.Edm.DbDatabaseMappingExtensions	13	133	1	65	59	0	0	0	3.36729583
System.Data.Entity.Core.EntityClient	EntityParameterCollection	System.Data.Entity.Core.EntityClient.EntityParameterCollection	48	174	3	90	24	0	0	0	3.33220451
System.Data.Entity.Core.Metadata.Edm	MetadataCollection<T>	System.Data.Entity.Core.Metadata.Edm.MetadataCollection<T>	48	192	1	94	22	0	0	0	3.33220451
System.Data.Entity.Core.Query.PlanCompiler	JoinOpRules	System.Data.Entity.Core.Query.PlanCompiler.JoinOpRules	4	105	1	25	24	0	0	0	3.33220451
System.Data.Entity.Core.Mapping.Update.Internal	DynamicUpdateCommand	System.Data.Entity.Core.Mapping.Update.Internal.DynamicUpdateCommand	14	147	2	61	57	0	0	0	3.295836866
System.Data.Entity.Core.Objects	ObjectStateEntry	System.Data.Entity.Core.Objects.ObjectStateEntry	47	28	1	48	22	0	0	0	3.295836866
System.Data.Entity.Core.Query.PlanCompiler	KeyPullup	System.Data.Entity.Core.Query.PlanCompiler.KeyPullup	7	81	2	23	26	0	0	0	3.295836866
System.Data.Entity.Core.Common.Internal.Materialization	ColumnMapKeyBuilder	System.Data.Entity.Core.Common.Internal.Materialization.ColumnMapKeyBuilder	22	99	2	37	43	0	0	0	3.258096538
System.Data.Entity.Core.EntityClient	EntityDataReader	System.Data.Entity.Core.EntityClient.EntityDataReader	46	110	3	53	29	0	0	0	3.258096538
System.Data.Entity.Core.Objects	ObjectQuery	System.Data.Entity.Core.Objects.ObjectQuery	33	56	1	38	32	0	0	0	3.258096538
System.Data.Entity.Core.Mapping.ViewGeneration.Structures	TypeRestriction	System.Data.Entity.Core.Mapping.ViewGeneration.Structures.TypeRestriction	11	87	4	33	35	0	0	0	3.218875825
System.Data.Entity.Core.Objects.Internal	BufferedDataReader	System.Data.Entity.Core.Objects.Internal.BufferedDataReader	45	154	3	60	29	0	0	0	3.218875825
System.Data.Entity.Core.Common.EntitySql.AST	Literal	System.Data.Entity.Core.Common.EntitySql.AST.Literal	26	243	2	117	18	0	0	0	3.17805383
System.Data.Entity.Core.Mapping.ViewGeneration	ViewgenContext	System.Data.Entity.Core.Mapping.ViewGeneration.ViewgenContext	18	97	2	45	54	0	0	0	3.17805383
System.Data.Entity.Core.Objects	ObjectView<TElement>	System.Data.Entity.Core.Objects.ObjectView<TElement>	44	129	1	68	31	0	0	0	3.17805383
System.Data.Entity.Migrations.Utilities	IndentedTextWriter	System.Data.Entity.Migrations.Utilities.IndentedTextWriter	43	117	3	56	6	0	0	0	3.135494216
System.Data.Entity.Core.Mapping.ViewGeneration.QueryRewriting	FragmentQueryKB	System.Data.Entity.Core.Mapping.ViewGeneration.QueryRewriting.FragmentQueryKB	8	80	2	30	52	0	0	0	3.091042453
System.Data.Entity.Core.Objects.ELinq	ExpressionConverter.MemberAccessTranslator	System.Data.Entity.Core.Objects.ELinq.ExpressionConverter.MemberAccessTranslator	11	107	3	49	51	0	0	0	3.044522438
System.Data.Entity.ModelConfiguration.Mappers	PropertyFilter	System.Data.Entity.ModelConfiguration.Mappers.PropertyFilter	7	55	1	37	21	0	0	0	3.044522438
System.Data.Entity.Core.Metadata.Edm	AssociationType	System.Data.Entity.Core.Metadata.Edm.AssociationType	16	64	7	26	24	0	0	0	2.995732274
System.Data.Entity.Core.Metadata.Edm	ClrEntityType	System.Data.Entity.Core.Metadata.Edm.ClrEntityType	9	50	7	20	27	0	0	0	2.995732274
System.Data.Entity.Core.Metadata.Edm	EnumType	System.Data.Entity.Core.Metadata.Edm.EnumType	12	54	5	22	32	0	0	0	2.995732274
System.Data.Entity.Core.Common.CommandTrees	DbExpression	System.Data.Entity.Core.Common.CommandTrees.DbExpression	39	108	1	59	25	0	0	0	2.944438979
System.Data.Entity.Core.Mapping.ViewGeneration	CellTreeSimplifier	System.Data.Entity.Core.Mapping.ViewGeneration.CellTreeSimplifier	12	217	2	72	27	0	0	0	2.944438979
System.Data.Entity.Core.Metadata.Edm	ObjectItemLoadingSessionData	System.Data.Entity.Core.Metadata.Edm.ObjectItemLoadingSessionData	19	75	1	43	36	0	0	0	2.890371758
System.Data.Entity.Core.Mapping.Update.Internal	ModificationFunctionMappingTranslator.EntitySetTranslator	System.Data.Entity.Core.Mapping.Update.Internal.ModificationFunctionMappingTranslator.EntitySetTranslator	5	103	2	47	47	0	0	0	2.833213344
System.Data.Entity.Core.Mapping.ViewGeneration	ViewGenerator	System.Data.Entity.Core.Mapping.ViewGeneration.ViewGenerator	14	188	2	54	47	0	0	0	2.833213344
System.Data.Entity.Core.Mapping	FunctionImportMappingNonComposable	System.Data.Entity.Core.Mapping.FunctionImportMappingNonComposable	9	95	3	36	46	0	0	0	2.772588722
System.Data.Entity.Core.Metadata.Edm	ClrComplexType	System.Data.Entity.Core.Metadata.Edm.ClrComplexType	6	14	6	7	10	0	0	0	2.708050201
System.Data.Entity.Core.Metadata.Edm	ClrEnumType	System.Data.Entity.Core.Metadata.Edm.ClrEnumType	3	9	6	3	5	0	0	0	2.708050201
System.Data.Entity.Core.Metadata.Edm	RelationshipType	System.Data.Entity.Core.Metadata.Edm.RelationshipType	2	7	6	3	12	0	0	0	2.708050201
System.Data.Entity.Core.Common.EntitySql	CqlErrorHelper	System.Data.Entity.Core.Common.EntitySql.CqlErrorHelper	8	86	1	40	21	0	0	0	2.63905733
System.Data.Entity.Core.Common.Utils.Boolean	Simplifier<T_Identifier>	System.Data.Entity.Core.Common.Utils.Boolean.Simplifier<T_Identifier>	6	57	3	28	18	0	0	0	2.63905733
System.Data.Entity.Core.Metadata.Edm	EdmModelRuleSet	System.Data.Entity.Core.Metadata.Edm.EdmModelRuleSet	2	55	2	7	23	0	0	0	2.63905733
System.Data.Entity.Core.Objects.ELinq	ExpressionConverter.MethodCallTranslator.ContainsTranslator	System.Data.Entity.Core.Objects.ELinq.ExpressionConverter.MethodCallTranslator.ContainsTranslator	4	51	2	23	32	0	0	0	2.63905733
System.Data.Entity.Core.Objects.Internal	BaseEntityWrapper<TEntity>	System.Data.Entity.Core.Objects.Internal.BaseEntityWrapper<TEntity>	34	60	1	51	21	0	0	0	2.63905733
System.Data.Entity.Core.Objects.Internal	EntityProxyFactory.ProxyTypeBuilder	System.Data.Entity.Core.Objects.Internal.EntityProxyFactory.ProxyTypeBuilder	14	88	1	34	44	0	0	0	2.63905733
System.Data.Entity.Internal	InterceptableDbCommand.NullDataReader	System.Data.Entity.Internal.InterceptableDbCommand.NullDataReader	34	38	3	34	9	0	0	0	2.63905733
System.Data.Entity.ModelConfiguration.Edm.Services	PropertyMappingGenerator	System.Data.Entity.ModelConfiguration.Edm.Services.PropertyMappingGenerator	2	45	2	21	27	0	0	0	2.63905733
System.Data.Entity.Core.Mapping.ViewGeneration	CellPartitioner	System.Data.Entity.Core.Mapping.ViewGeneration.CellPartitioner	3	47	2	17	23	0	0	0	2.564949357
System.Data.Entity.Core.Objects	DelegateFactory	System.Data.Entity.Core.Objects.DelegateFactory	17	126	1	46	43	0	0	0	2.564949357
System.Data.Entity.Core.Objects.ELinq	ExpressionConverter.MemberAccessTranslator.SpatialPropertyTranslator	System.Data.Entity.Core.Objects.ELinq.ExpressionConverter.MemberAccessTranslator.SpatialPropertyTranslator	5	58	2	9	23	0	0	0	2.564949357
System.Data.Entity.Core.Objects.Internal	NullEntityWrapper	System.Data.Entity.Core.Objects.Internal.NullEntityWrapper	33	52	1	33	12	0	0	0	2.564949357
System.Data.Entity.Infrastructure.Interception	InternalDispatcher<TInterceptor>	System.Data.Entity.Infrastructure.Interception.InternalDispatcher<TInterceptor>	10	152	1	59	26	0	0	0	2.564949357
System.Data.Entity.Core.Mapping.Update.Internal	ViewLoader	System.Data.Entity.Core.Mapping.Update.Internal.ViewLoader	17	101	1	44	42	0	0	0	2.48490665
System.Data.Entity.Core.Mapping.ViewGeneration	GeneratedView	System.Data.Entity.Core.Mapping.ViewGeneration.GeneratedView	9	99	2	33	42	0	0	0	2.48490665
System.Data.Entity.Core.Metadata.Edm	MetadataCache	System.Data.Entity.Core.Metadata.Edm.MetadataCache	12	121	1	42	30	0	0	0	2.48490665
System.Data.Entity.Core.Objects.Internal	ObjectQueryExecutionPlan	System.Data.Entity.Core.Objects.Internal.ObjectQueryExecutionPlan	5	58	1	22	42	0	0	0	2.48490665
System.Data.Entity.Core.Common.Utils	Set<TElement>	System.Data.Entity.Core.Common.Utils.Set<TElement>	31	71	2	38	16	0	0	0	2.397895273
System.Data.Entity.Core.Mapping.Update.Internal	Propagator.ExtentPlaceholderCreator	System.Data.Entity.Core.Mapping.Update.Internal.Propagator.ExtentPlaceholderCreator	11	101	1	22	41	0	0	0	2.397895273
System.Data.Entity.Infrastructure.DependencyResolution	RootDependencyResolver	System.Data.Entity.Infrastructure.DependencyResolution.RootDependencyResolver	7	41	1	19	41	0	0	0	2.397895273
System.Data.Entity.ModelConfiguration.Edm.Services	AssociationTypeMappingGenerator	System.Data.Entity.ModelConfiguration.Edm.Services.AssociationTypeMappingGenerator	8	80	2	20	41	0	0	0	2.397895273
System.Data.Entity.Core	EntityCommandCompilationException	System.Data.Entity.Core.EntityCommandCompilationException	4	8	5	4	4	0	0	0	2.302585093
System.Data.Entity.Core	EntityCommandExecutionException	System.Data.Entity.Core.EntityCommandExecutionException	4	8	5	4	4	0	0	0	2.302585093
System.Data.Entity.Core	EntitySqlException	System.Data.Entity.Core.EntitySqlException	14	63	5	29	12	0	0	0	2.302585093
System.Data.Entity.Core	InternalMappingException	System.Data.Entity.Core.InternalMappingException	7	12	5	7	7	0	0	0	2.302585093
System.Data.Entity.Core	MappingException	System.Data.Entity.Core.MappingException	4	4	5	4	5	0	0	0	2.302585093
System.Data.Entity.Core	MetadataException	System.Data.Entity.Core.MetadataException	4	7	5	4	5	0	0	0	2.302585093
System.Data.Entity.Core	OptimisticConcurrencyException	System.Data.Entity.Core.OptimisticConcurrencyException	5	5	5	5	6	0	0	0	2.302585093
System.Data.Entity.Core	PropertyConstraintException	System.Data.Entity.Core.PropertyConstraintException	7	17	5	8	6	0	0	0	2.302585093
System.Data.Entity.Core	ProviderIncompatibleException	System.Data.Entity.Core.ProviderIncompatibleException	4	4	5	4	4	0	0	0	2.302585093
System.Data.Entity.Core.Mapping	ViewValidator.ViewExpressionValidator	System.Data.Entity.Core.Mapping.ViewValidator.ViewExpressionValidator	14	57	3	35	40	0	0	0	2.302585093
System.Data.Entity.Core.Mapping.ViewGeneration.Structures	CellTreeNode	System.Data.Entity.Core.Mapping.ViewGeneration.Structures.CellTreeNode	30	44	2	35	29	0	0	0	2.302585093
System.Data.Entity.Core.Mapping.ViewGeneration.Structures	QualifiedCellIdBoolean	System.Data.Entity.Core.Mapping.ViewGeneration.Structures.QualifiedCellIdBoolean	3	7	5	3	6	0	0	0	2.302585093
System.Data.Entity.Core.Metadata.Edm	ComplexType	System.Data.Entity.Core.Metadata.Edm.ComplexType	7	18	5	10	18	0	0	0	2.302585093
System.Data.Entity.Core.Metadata.Edm	EdmModelRuleSet.V3RuleSet	System.Data.Entity.Core.Metadata.Edm.EdmModelRuleSet.V3RuleSet	1	4	5	1	6	0	0	0	2.302585093
System.Data.Entity.Core.Metadata.Edm	EntityTypeBase	System.Data.Entity.Core.Metadata.Edm.EntityTypeBase	12	64	5	33	24	0	0	0	2.302585093
System.Data.Entity.Core.Metadata.Edm	PrimitiveType	System.Data.Entity.Core.Metadata.Edm.PrimitiveType	16	48	5	33	26	0	0	0	2.302585093
System.Data.Entity.Core.Metadata.Edm	RowType	System.Data.Entity.Core.Metadata.Edm.RowType	13	68	5	34	23	0	0	0	2.302585093
System.Data.Entity.Core.Objects	ObjectStateEntryDbDataRecord	System.Data.Entity.Core.Objects.ObjectStateEntryDbDataRecord	30	116	2	54	27	0	0	0	2.302585093
System.Data.Entity.Core.Objects	ObjectStateEntryOriginalDbUpdatableDataRecord_Public	System.Data.Entity.Core.Objects.ObjectStateEntryOriginalDbUpdatableDataRecord_Public	4	23	5	14	17	0	0	0	2.302585093
System.Data.Entity.Core.Objects.ELinq	ExpressionConverter.MethodCallTranslator.SingleOrDefaultPredicateTranslator	System.Data.Entity.Core.Objects.ELinq.ExpressionConverter.MethodCallTranslator.SingleOrDefaultPredicateTranslator	1	1	5	1	2	0	0	0	2.302585093
System.Data.Entity.Core.Objects.ELinq	ExpressionConverter.MethodCallTranslator.SingleOrDefaultTranslator	System.Data.Entity.Core.Objects.ELinq.ExpressionConverter.MethodCallTranslator.SingleOrDefaultTranslator	1	1	5	1	2	0	0	0	2.302585093
System.Data.Entity.Core.Objects.ELinq	ExpressionConverter.MethodCallTranslator.SinglePredicateTranslator	System.Data.Entity.Core.Objects.ELinq.ExpressionConverter.MethodCallTranslator.SinglePredicateTranslator	1	1	5	1	2	0	0	0	2.302585093
System.Data.Entity.Core.Objects.ELinq	ExpressionConverter.MethodCallTranslator.SingleTranslator	System.Data.Entity.Core.Objects.ELinq.ExpressionConverter.MethodCallTranslator.SingleTranslator	1	1	5	1	2	0	0	0	2.302585093
System.Data.Entity.Core.Objects.Internal	BufferedDataRecord	System.Data.Entity.Core.Objects.Internal.BufferedDataRecord	30	27	1	32	13	0	0	0	2.302585093
System.Data.Entity.Core.Objects.Internal	IEntityWrapper	System.Data.Entity.Core.Objects.Internal.IEntityWrapper	30	0	0	30	10	0	0	0	2.302585093
System.Data.Entity.Core.Objects.Internal	ObjectQueryState	System.Data.Entity.Core.Objects.Internal.ObjectQueryState	30	69	1	41	18	0	0	0	2.302585093
System.Data.Entity.Infrastructure	DbUpdateConcurrencyException	System.Data.Entity.Infrastructure.DbUpdateConcurrencyException	4	4	5	4	4	0	0	0	2.302585093
System.Data.Entity.Infrastructure	RetryLimitExceededException	System.Data.Entity.Infrastructure.RetryLimitExceededException	4	4	5	4	4	0	0	0	2.302585093
System.Data.Entity.Migrations	DbSetMigrationsExtensions	System.Data.Entity.Migrations.DbSetMigrationsExtensions	4	61	1	19	40	0	0	0	2.302585093
System.Data.Entity.ModelConfiguration.Configuration.Properties.Primitive	BinaryPropertyConfiguration	System.Data.Entity.ModelConfiguration.Configuration.Properties.Primitive.BinaryPropertyConfiguration	11	37	5	28	15	0	0	0	2.302585093
System.Data.Entity.ModelConfiguration.Configuration.Properties.Primitive	StringPropertyConfiguration	System.Data.Entity.ModelConfiguration.Configuration.Properties.Primitive.StringPropertyConfiguration	11	33	5	21	12	0	0	0	2.302585093
System.Data.Entity.ModelConfiguration.Conventions.Sets	V1ConventionSet	System.Data.Entity.ModelConfiguration.Conventions.Sets.V1ConventionSet	2	2	1	2	40	0	0	0	2.302585093
System.Data.Entity.Core.Metadata.Edm	EdmFunctionPayload	System.Data.Entity.Core.Metadata.Edm.EdmFunctionPayload	29	29	1	29	5	0	0	0	2.197224577
System.Data.Entity.Core.Objects.ELinq	ExpressionConverter.MethodCallTranslator.FunctionCallTranslator	System.Data.Entity.Core.Objects.ELinq.ExpressionConverter.MethodCallTranslator.FunctionCallTranslator	5	84	1	32	39	0	0	0	2.197224577
System.Data.Entity.Core.Objects.ELinq	Funcletizer.FuncletizingVisitor	System.Data.Entity.Core.Objects.ELinq.Funcletizer.FuncletizingVisitor	9	114	2	47	39	0	0	0	2.197224577
System.Data.Entity.Core.Objects.Internal	EntityWrapperFactory	System.Data.Entity.Core.Objects.Internal.EntityWrapperFactory	19	118	1	60	39	0	0	0	2.197224577
System.Data.Entity.Migrations	DbMigrationsConfiguration	System.Data.Entity.Migrations.DbMigrationsConfiguration	29	66	1	40	28	0	0	0	2.197224577
System.Data.Entity.ModelConfiguration.Configuration	EntityMappingConfiguration<TEntityType>	System.Data.Entity.ModelConfiguration.Configuration.EntityMappingConfiguration<TEntityType>	29	68	1	31	30	0	0	0	2.197224577
System.Data.Entity.Utilities	TypeFinder	System.Data.Entity.Utilities.TypeFinder	2	42	1	17	13	0	0	0	2.197224577
System.Data.Entity.Core.Common.EntitySql	FunctionOverloadResolver	System.Data.Entity.Core.Common.EntitySql.FunctionOverloadResolver	5	104	1	58	27	0	0	0	2.079441542
System.Data.Entity.Core.Mapping.Update.Internal	TableChangeProcessor	System.Data.Entity.Core.Mapping.Update.Internal.TableChangeProcessor	10	91	1	36	38	0	0	0	2.079441542
System.Data.Entity.Core.Metadata.Edm	EdmType	System.Data.Entity.Core.Metadata.Edm.EdmType	28	73	3	41	22	0	0	0	2.079441542
System.Data.Entity.Infrastructure.DependencyResolution	AppConfigDependencyResolver	System.Data.Entity.Infrastructure.DependencyResolution.AppConfigDependencyResolver	8	75	1	40	38	0	0	0	2.079441542
System.Data.Entity.ModelConfiguration.Configuration	ManyToManyAssociationMappingConfiguration	System.Data.Entity.ModelConfiguration.Configuration.ManyToManyAssociationMappingConfiguration	15	93	2	50	38	0	0	0	2.079441542
System.Data.Entity.ModelConfiguration.Configuration	UpdateModificationStoredProcedureConfiguration<TEntityType>	System.Data.Entity.ModelConfiguration.Configuration.UpdateModificationStoredProcedureConfiguration<TEntityType>	28	130	2	28	16	0	0	0	2.079441542
System.Data.Entity.ModelConfiguration.Conventions	ForeignKeyNavigationPropertyAttributeConvention	System.Data.Entity.ModelConfiguration.Conventions.ForeignKeyNavigationPropertyAttributeConvention	3	42	1	19	29	0	0	0	2.079441542
System.Data.Entity.ModelConfiguration.Edm	EntityTypeExtensions	System.Data.Entity.ModelConfiguration.Edm.EntityTypeExtensions	20	112	1	48	38	0	0	0	2.079441542
System.Data.Entity.Core.Metadata.Edm	CacheForPrimitiveTypes	System.Data.Entity.Core.Metadata.Edm.CacheForPrimitiveTypes	5	70	1	31	18	0	0	0	1.945910149
System.Data.Entity.Core.Objects.ELinq	ExpressionConverter.ConstantTranslator	System.Data.Entity.Core.Objects.ELinq.ExpressionConverter.ConstantTranslator	2	38	3	21	30	0	0	0	1.945910149
System.Data.Entity.Core.Objects.Internal	PocoPropertyAccessorStrategy	System.Data.Entity.Core.Objects.Internal.PocoPropertyAccessorStrategy	14	116	1	44	37	0	0	0	1.945910149
System.Data.Entity.Core.Query.PlanCompiler	ScalarOpRules	System.Data.Entity.Core.Query.PlanCompiler.ScalarOpRules	21	194	1	68	29	0	0	0	1.945910149
System.Data.Entity.Migrations.Edm	EdmXNames	System.Data.Entity.Migrations.Edm.EdmXNames	27	84	1	27	6	0	0	0	1.945910149
System.Data.Entity.ModelConfiguration.Configuration	ConventionPrimitivePropertyConfiguration	System.Data.Entity.ModelConfiguration.Configuration.ConventionPrimitivePropertyConfiguration	27	146	1	88	24	0	0	0	1.945910149
System.Data.Entity.Core.Common.Internal.Materialization	Shaper<T>	System.Data.Entity.Core.Common.Internal.Materialization.Shaper<T>	14	64	2	34	36	0	0	0	1.791759469
System.Data.Entity.Core.Mapping.ViewGeneration.Structures	CaseStatement	System.Data.Entity.Core.Mapping.ViewGeneration.Structures.CaseStatement	18	142	2	57	36	0	0	0	1.791759469
System.Data.Entity.Core.Metadata.Edm	MetadataArtifactLoader	System.Data.Entity.Core.Metadata.Edm.MetadataArtifactLoader	26	131	1	62	30	0	0	0	1.791759469
System.Data.Entity.Core.Metadata.Edm	MetadataOptimization	System.Data.Entity.Core.Metadata.Edm.MetadataOptimization	14	158	1	57	36	0	0	0	1.791759469
System.Data.Entity.Core.Objects.Internal	SerializableImplementor	System.Data.Entity.Core.Objects.Internal.SerializableImplementor	5	54	1	24	30	0	0	0	1.791759469
System.Data.Entity.Core.Query.PlanCompiler	ITreeGenerator.IsOfFilter	System.Data.Entity.Core.Query.PlanCompiler.ITreeGenerator.IsOfFilter	7	50	1	20	8	0	0	0	1.791759469
System.Data.Entity.Core.Query.PlanCompiler	TypeInfo	System.Data.Entity.Core.Query.PlanCompiler.TypeInfo	26	47	1	30	16	0	0	0	1.791759469
System.Data.Entity.Infrastructure	DbQuery<TResult>	System.Data.Entity.Infrastructure.DbQuery<TResult>	22	43	1	30	33	0	0	0	1.791759469
System.Data.Entity.Internal	DbSetDiscoveryService	System.Data.Entity.Internal.DbSetDiscoveryService	8	61	1	37	36	0	0	0	1.791759469
System.Data.Entity.Internal	InternalPropertyEntry	System.Data.Entity.Internal.InternalPropertyEntry	26	92	2	62	19	0	0	0	1.791759469
System.Data.Entity.ModelConfiguration.Configuration.Mapping	AssociationMappingOperations	System.Data.Entity.ModelConfiguration.Configuration.Mapping.AssociationMappingOperations	2	51	1	20	29	0	0	0	1.791759469
System.Data.Entity.Core	EntityException	System.Data.Entity.Core.EntityException	4	4	4	4	5	0	0	0	1.609437912
System.Data.Entity.Core	InvalidCommandTreeException	System.Data.Entity.Core.InvalidCommandTreeException	4	4	4	4	5	0	0	0	1.609437912
System.Data.Entity.Core	ObjectNotFoundException	System.Data.Entity.Core.ObjectNotFoundException	4	4	4	4	4	0	0	0	1.609437912
System.Data.Entity.Core	UpdateException	System.Data.Entity.Core.UpdateException	6	8	4	6	8	0	0	0	1.609437912
System.Data.Entity.Core.Common	DbXmlEnabledProviderManifest.EmptyItemCollection	System.Data.Entity.Core.Common.DbXmlEnabledProviderManifest.EmptyItemCollection	1	1	4	1	1	0	0	0	1.609437912
System.Data.Entity.Core.Common.CommandTrees.Internal	DbExpressionValidator	System.Data.Entity.Core.Common.CommandTrees.Internal.DbExpressionValidator	15	69	4	39	31	0	0	0	1.609437912
System.Data.Entity.Core.Common.CommandTrees.Internal	ParameterRetriever	System.Data.Entity.Core.Common.CommandTrees.Internal.ParameterRetriever	3	9	4	3	8	0	0	0	1.609437912
System.Data.Entity.Core.Common.CommandTrees.Internal	PatternMatchRuleProcessor	System.Data.Entity.Core.Common.CommandTrees.Internal.PatternMatchRuleProcessor	4	14	4	6	11	0	0	0	1.609437912
System.Data.Entity.Core.Common.Utils.Boolean	KnowledgeBase<T_Identifier>.Equivalence	System.Data.Entity.Core.Common.Utils.Boolean.KnowledgeBase<T_Identifier>.Equivalence	4	7	4	4	4	0	0	0	1.609437912
System.Data.Entity.Core.Common.Utils.Boolean	KnowledgeBase<T_Identifier>.Implication	System.Data.Entity.Core.Common.Utils.Boolean.KnowledgeBase<T_Identifier>.Implication	4	7	4	4	3	0	0	0	1.609437912
System.Data.Entity.Core.Common.Utils.Boolean	"NegationPusher.NonNegatedDomainConstraintTreeVisitor<T_Variable, T_Element>"	"System.Data.Entity.Core.Common.Utils.Boolean.NegationPusher.NonNegatedDomainConstraintTreeVisitor<T_Variable, T_Element>"	3	4	4	3	5	0	0	0	1.609437912
System.Data.Entity.Core.Mapping	FunctionImportMappingComposable.FunctionViewOpCopier	System.Data.Entity.Core.Mapping.FunctionImportMappingComposable.FunctionViewOpCopier	3	8	4	5	7	0	0	0	1.609437912
System.Data.Entity.Core.Mapping	IsNullConditionMapping	System.Data.Entity.Core.Mapping.IsNullConditionMapping	2	2	4	2	4	0	0	0	1.609437912
System.Data.Entity.Core.Mapping	MappingItemCollection	System.Data.Entity.Core.Mapping.MappingItemCollection	7	10	4	7	6	0	0	0	1.609437912
System.Data.Entity.Core.Mapping	ObjectTypeMapping	System.Data.Entity.Core.Mapping.ObjectTypeMapping	12	41	4	20	18	0	0	0	1.609437912
System.Data.Entity.Core.Mapping	ValueConditionMapping	System.Data.Entity.Core.Mapping.ValueConditionMapping	2	2	4	2	4	0	0	0	1.609437912
System.Data.Entity.Core.Mapping.Update.Internal	Propagator	System.Data.Entity.Core.Mapping.Update.Internal.Propagator	13	75	3	20	35	0	0	0	1.609437912
System.Data.Entity.Core.Mapping.Update.Internal	PropagatorResult.ServerGenKeyValue	System.Data.Entity.Core.Mapping.Update.Internal.PropagatorResult.ServerGenKeyValue	5	11	4	6	5	0	0	0	1.609437912
System.Data.Entity.Core.Mapping.ViewGeneration.QueryRewriting	RewritingProcessor<T_Tile>	System.Data.Entity.Core.Mapping.ViewGeneration.QueryRewriting.RewritingProcessor<T_Tile>	25	98	2	35	14	0	0	0	1.609437912
System.Data.Entity.Core.Mapping.ViewGeneration.Structures	CellIdBoolean	System.Data.Entity.Core.Mapping.ViewGeneration.Structures.CellIdBoolean	11	31	4	12	11	0	0	0	1.609437912
System.Data.Entity.Core.Mapping.ViewGeneration.Structures	RoleBoolean	System.Data.Entity.Core.Mapping.ViewGeneration.Structures.RoleBoolean	11	39	4	15	13	0	0	0	1.609437912
System.Data.Entity.Core.Metadata.Edm	AssociationEndMember	System.Data.Entity.Core.Metadata.Edm.AssociationEndMember	6	15	4	7	17	0	0	0	1.609437912
System.Data.Entity.Core.Metadata.Edm	AssociationSet	System.Data.Entity.Core.Metadata.Edm.AssociationSet	14	60	4	32	27	0	0	0	1.609437912
System.Data.Entity.Core.Metadata.Edm	CollectionType	System.Data.Entity.Core.Metadata.Edm.CollectionType	7	21	4	10	8	0	0	0	1.609437912
System.Data.Entity.Core.Metadata.Edm	EdmModelRuleSet.V1RuleSet	System.Data.Entity.Core.Metadata.Edm.EdmModelRuleSet.V1RuleSet	1	2	4	1	5	0	0	0	1.609437912
System.Data.Entity.Core.Metadata.Edm	EdmModelRuleSet.V2RuleSet	System.Data.Entity.Core.Metadata.Edm.EdmModelRuleSet.V2RuleSet	1	2	4	1	5	0	0	0	1.609437912
System.Data.Entity.Core.Metadata.Edm	RefType	System.Data.Entity.Core.Metadata.Edm.RefType	7	17	4	8	9	0	0	0	1.609437912
System.Data.Entity.Core.Metadata.Edm	SimpleType	System.Data.Entity.Core.Metadata.Edm.SimpleType	2	2	4	2	2	0	0	0	1.609437912
System.Data.Entity.Core.Metadata.Edm	StructuralType	System.Data.Entity.Core.Metadata.Edm.StructuralType	11	37	4	20	15	0	0	0	1.609437912
System.Data.Entity.Core.Objects	ObjectStateEntryDbUpdatableDataRecord	System.Data.Entity.Core.Objects.ObjectStateEntryDbUpdatableDataRecord	4	22	4	12	11	0	0	0	1.609437912
System.Data.Entity.Core.Objects	ObjectStateEntryOriginalDbUpdatableDataRecord_Internal	System.Data.Entity.Core.Objects.ObjectStateEntryOriginalDbUpdatableDataRecord_Internal	3	14	4	6	8	0	0	0	1.609437912
System.Data.Entity.Core.Objects	ObjectViewFactory	System.Data.Entity.Core.Objects.ObjectViewFactory	6	89	1	27	35	0	0	0	1.609437912
System.Data.Entity.Core.Objects.ELinq	ExpressionConverter.AddTranslator	System.Data.Entity.Core.Objects.ELinq.ExpressionConverter.AddTranslator	3	7	4	4	8	0	0	0	1.609437912
System.Data.Entity.Core.Objects.ELinq	ExpressionConverter.AndAlsoTranslator	System.Data.Entity.Core.Objects.ELinq.ExpressionConverter.AndAlsoTranslator	2	3	4	2	6	0	0	0	1.609437912
System.Data.Entity.Core.Objects.ELinq	ExpressionConverter.AndTranslator	System.Data.Entity.Core.Objects.ELinq.ExpressionConverter.AndTranslator	2	3	4	2	5	0	0	0	1.609437912
System.Data.Entity.Core.Objects.ELinq	ExpressionConverter.AsTranslator	System.Data.Entity.Core.Objects.ELinq.ExpressionConverter.AsTranslator	2	5	4	2	8	0	0	0	1.609437912
System.Data.Entity.Core.Objects.ELinq	ExpressionConverter.CoalesceTranslator	System.Data.Entity.Core.Objects.ELinq.ExpressionConverter.CoalesceTranslator	2	9	4	2	8	0	0	0	1.609437912
System.Data.Entity.Core.Objects.ELinq	ExpressionConverter.ConvertTranslator	System.Data.Entity.Core.Objects.ELinq.ExpressionConverter.ConvertTranslator	2	6	4	2	7	0	0	0	1.609437912
System.Data.Entity.Core.Objects.ELinq	ExpressionConverter.DivideTranslator	System.Data.Entity.Core.Objects.ELinq.ExpressionConverter.DivideTranslator	2	3	4	2	6	0	0	0	1.609437912
System.Data.Entity.Core.Objects.ELinq	ExpressionConverter.ExclusiveOrTranslator	System.Data.Entity.Core.Objects.ELinq.ExpressionConverter.ExclusiveOrTranslator	2	6	4	2	5	0	0	0	1.609437912
System.Data.Entity.Core.Objects.ELinq	ExpressionConverter.GreaterThanOrEqualsTranslator	System.Data.Entity.Core.Objects.ELinq.ExpressionConverter.GreaterThanOrEqualsTranslator	2	3	4	2	6	0	0	0	1.609437912
System.Data.Entity.Core.Objects.ELinq	ExpressionConverter.GreaterThanTranslator	System.Data.Entity.Core.Objects.ELinq.ExpressionConverter.GreaterThanTranslator	2	3	4	2	6	0	0	0	1.609437912
System.Data.Entity.Core.Objects.ELinq	ExpressionConverter.LessThanOrEqualsTranslator	System.Data.Entity.Core.Objects.ELinq.ExpressionConverter.LessThanOrEqualsTranslator	2	3	4	2	6	0	0	0	1.609437912
System.Data.Entity.Core.Objects.ELinq	ExpressionConverter.LessThanTranslator	System.Data.Entity.Core.Objects.ELinq.ExpressionConverter.LessThanTranslator	2	3	4	2	6	0	0	0	1.609437912
System.Data.Entity.Core.Objects.ELinq	ExpressionConverter.MethodCallTranslator.CountTranslator	System.Data.Entity.Core.Objects.ELinq.ExpressionConverter.MethodCallTranslator.CountTranslator	1	1	4	1	2	0	0	0	1.609437912
System.Data.Entity.Core.Objects.ELinq	ExpressionConverter.MethodCallTranslator.FirstOrDefaultPredicateTranslator	System.Data.Entity.Core.Objects.ELinq.ExpressionConverter.MethodCallTranslator.FirstOrDefaultPredicateTranslator	1	1	4	1	2	0	0	0	1.609437912
System.Data.Entity.Core.Objects.ELinq	ExpressionConverter.MethodCallTranslator.FirstOrDefaultTranslator	System.Data.Entity.Core.Objects.ELinq.ExpressionConverter.MethodCallTranslator.FirstOrDefaultTranslator	1	1	4	1	2	0	0	0	1.609437912
System.Data.Entity.Core.Objects.ELinq	ExpressionConverter.MethodCallTranslator.FirstPredicateTranslator	System.Data.Entity.Core.Objects.ELinq.ExpressionConverter.MethodCallTranslator.FirstPredicateTranslator	2	5	4	3	7	0	0	0	1.609437912
System.Data.Entity.Core.Objects.ELinq	ExpressionConverter.MethodCallTranslator.FirstTranslator	System.Data.Entity.Core.Objects.ELinq.ExpressionConverter.MethodCallTranslator.FirstTranslator	2	5	4	3	7	0	0	0	1.609437912
System.Data.Entity.Core.Objects.ELinq	ExpressionConverter.MethodCallTranslator.GroupJoinTranslator	System.Data.Entity.Core.Objects.ELinq.ExpressionConverter.MethodCallTranslator.GroupJoinTranslator	3	57	2	15	35	0	0	0	1.609437912
System.Data.Entity.Core.Objects.ELinq	ExpressionConverter.MethodCallTranslator.LongCountTranslator	System.Data.Entity.Core.Objects.ELinq.ExpressionConverter.MethodCallTranslator.LongCountTranslator	1	1	4	1	2	0	0	0	1.609437912
System.Data.Entity.Core.Objects.ELinq	ExpressionConverter.MethodCallTranslator.ObjectQueryBuilderDistinctTranslator	System.Data.Entity.Core.Objects.ELinq.ExpressionConverter.MethodCallTranslator.ObjectQueryBuilderDistinctTranslator	1	1	4	1	1	0	0	0	1.609437912
System.Data.Entity.Core.Objects.ELinq	ExpressionConverter.MethodCallTranslator.ObjectQueryBuilderExceptTranslator	System.Data.Entity.Core.Objects.ELinq.ExpressionConverter.MethodCallTranslator.ObjectQueryBuilderExceptTranslator	1	1	4	1	1	0	0	0	1.609437912
System.Data.Entity.Core.Objects.ELinq	ExpressionConverter.MethodCallTranslator.ObjectQueryBuilderFirstTranslator	System.Data.Entity.Core.Objects.ELinq.ExpressionConverter.MethodCallTranslator.ObjectQueryBuilderFirstTranslator	1	1	4	1	1	0	0	0	1.609437912
System.Data.Entity.Core.Objects.ELinq	ExpressionConverter.MethodCallTranslator.ObjectQueryBuilderIntersectTranslator	System.Data.Entity.Core.Objects.ELinq.ExpressionConverter.MethodCallTranslator.ObjectQueryBuilderIntersectTranslator	1	1	4	1	1	0	0	0	1.609437912
System.Data.Entity.Core.Objects.ELinq	ExpressionConverter.MethodCallTranslator.ObjectQueryBuilderOfTypeTranslator	System.Data.Entity.Core.Objects.ELinq.ExpressionConverter.MethodCallTranslator.ObjectQueryBuilderOfTypeTranslator	1	1	4	1	1	0	0	0	1.609437912
System.Data.Entity.Core.Objects.ELinq	ExpressionConverter.MethodCallTranslator.ObjectQueryBuilderToListTranslator	System.Data.Entity.Core.Objects.ELinq.ExpressionConverter.MethodCallTranslator.ObjectQueryBuilderToListTranslator	1	1	4	1	1	0	0	0	1.609437912
System.Data.Entity.Core.Objects.ELinq	ExpressionConverter.MethodCallTranslator.ObjectQueryBuilderUnionTranslator	System.Data.Entity.Core.Objects.ELinq.ExpressionConverter.MethodCallTranslator.ObjectQueryBuilderUnionTranslator	1	1	4	1	1	0	0	0	1.609437912
System.Data.Entity.Core.Objects.ELinq	ExpressionConverter.MethodCallTranslator.OrderByDescendingTranslator	System.Data.Entity.Core.Objects.ELinq.ExpressionConverter.MethodCallTranslator.OrderByDescendingTranslator	1	1	4	1	2	0	0	0	1.609437912
System.Data.Entity.Core.Objects.ELinq	ExpressionConverter.MethodCallTranslator.OrderByTranslator	System.Data.Entity.Core.Objects.ELinq.ExpressionConverter.MethodCallTranslator.OrderByTranslator	1	1	4	1	2	0	0	0	1.609437912
System.Data.Entity.Core.Objects.ELinq	ExpressionConverter.MethodCallTranslator.SinglePredicateTranslatorBase	System.Data.Entity.Core.Objects.ELinq.ExpressionConverter.MethodCallTranslator.SinglePredicateTranslatorBase	3	7	4	4	8	0	0	0	1.609437912
System.Data.Entity.Core.Objects.ELinq	ExpressionConverter.MethodCallTranslator.SingleTranslatorBase	System.Data.Entity.Core.Objects.ELinq.ExpressionConverter.MethodCallTranslator.SingleTranslatorBase	3	7	4	4	8	0	0	0	1.609437912
System.Data.Entity.Core.Objects.ELinq	ExpressionConverter.MethodCallTranslator.SkipTranslator	System.Data.Entity.Core.Objects.ELinq.ExpressionConverter.MethodCallTranslator.SkipTranslator	2	3	4	2	6	0	0	0	1.609437912
System.Data.Entity.Core.Objects.ELinq	ExpressionConverter.MethodCallTranslator.TakeTranslator	System.Data.Entity.Core.Objects.ELinq.ExpressionConverter.MethodCallTranslator.TakeTranslator	2	4	4	4	7	0	0	0	1.609437912
System.Data.Entity.Core.Objects.ELinq	ExpressionConverter.ModuloTranslator	System.Data.Entity.Core.Objects.ELinq.ExpressionConverter.ModuloTranslator	2	3	4	2	6	0	0	0	1.609437912
System.Data.Entity.Core.Objects.ELinq	ExpressionConverter.MultiplyTranslator	System.Data.Entity.Core.Objects.ELinq.ExpressionConverter.MultiplyTranslator	2	3	4	2	6	0	0	0	1.609437912
System.Data.Entity.Core.Objects.ELinq	ExpressionConverter.NegateTranslator	System.Data.Entity.Core.Objects.ELinq.ExpressionConverter.NegateTranslator	2	3	4	2	6	0	0	0	1.609437912
System.Data.Entity.Core.Objects.ELinq	ExpressionConverter.OrElseTranslator	System.Data.Entity.Core.Objects.ELinq.ExpressionConverter.OrElseTranslator	2	3	4	2	6	0	0	0	1.609437912
System.Data.Entity.Core.Objects.ELinq	ExpressionConverter.OrTranslator	System.Data.Entity.Core.Objects.ELinq.ExpressionConverter.OrTranslator	2	3	4	2	5	0	0	0	1.609437912
System.Data.Entity.Core.Objects.ELinq	ExpressionConverter.PowerTranslator	System.Data.Entity.Core.Objects.ELinq.ExpressionConverter.PowerTranslator	2	3	4	2	6	0	0	0	1.609437912
System.Data.Entity.Core.Objects.ELinq	ExpressionConverter.QuoteTranslator	System.Data.Entity.Core.Objects.ELinq.ExpressionConverter.QuoteTranslator	2	3	4	2	5	0	0	0	1.609437912
System.Data.Entity.Core.Objects.ELinq	ExpressionConverter.SubtractTranslator	System.Data.Entity.Core.Objects.ELinq.ExpressionConverter.SubtractTranslator	2	3	4	2	6	0	0	0	1.609437912
System.Data.Entity.Core.Objects.ELinq	ExpressionConverter.UnaryPlusTranslator	System.Data.Entity.Core.Objects.ELinq.ExpressionConverter.UnaryPlusTranslator	2	3	4	2	5	0	0	0	1.609437912
System.Data.Entity.Core.Objects.ELinq	Funcletizer	System.Data.Entity.Core.Objects.ELinq.Funcletizer	16	108	1	50	35	0	0	0	1.609437912
System.Data.Entity.Core.Objects.Internal	ObjectQueryExecutionPlanFactory	System.Data.Entity.Core.Objects.Internal.ObjectQueryExecutionPlanFactory	3	36	1	16	35	0	0	0	1.609437912
System.Data.Entity.Core.Query.InternalTrees	ComplexTypeColumnMap	System.Data.Entity.Core.Query.InternalTrees.ComplexTypeColumnMap	5	9	4	5	9	0	0	0	1.609437912
System.Data.Entity.Core.Query.InternalTrees	ConstantOp	System.Data.Entity.Core.Query.InternalTrees.ConstantOp	5	7	4	5	7	0	0	0	1.609437912
System.Data.Entity.Core.Query.InternalTrees	ConstantPredicateOp	System.Data.Entity.Core.Query.InternalTrees.ConstantPredicateOp	8	9	4	8	6	0	0	0	1.609437912
System.Data.Entity.Core.Query.InternalTrees	ConstrainedSortOp	System.Data.Entity.Core.Query.InternalTrees.ConstrainedSortOp	8	10	4	8	7	0	0	0	1.609437912
System.Data.Entity.Core.Query.InternalTrees	CrossApplyOp	System.Data.Entity.Core.Query.InternalTrees.CrossApplyOp	4	6	4	4	5	0	0	0	1.609437912
System.Data.Entity.Core.Query.InternalTrees	CrossJoinOp	System.Data.Entity.Core.Query.InternalTrees.CrossJoinOp	5	7	4	5	5	0	0	0	1.609437912
System.Data.Entity.Core.Query.InternalTrees	DiscriminatedNewEntityOp	System.Data.Entity.Core.Query.InternalTrees.DiscriminatedNewEntityOp	6	9	4	6	11	0	0	0	1.609437912
System.Data.Entity.Core.Query.InternalTrees	EntityColumnMap	System.Data.Entity.Core.Query.InternalTrees.EntityColumnMap	5	10	4	5	10	0	0	0	1.609437912
System.Data.Entity.Core.Query.InternalTrees	ExceptOp	System.Data.Entity.Core.Query.InternalTrees.ExceptOp	5	6	4	5	7	0	0	0	1.609437912
System.Data.Entity.Core.Query.InternalTrees	FullOuterJoinOp	System.Data.Entity.Core.Query.InternalTrees.FullOuterJoinOp	4	6	4	4	5	0	0	0	1.609437912
System.Data.Entity.Core.Query.InternalTrees	GroupByIntoOp	System.Data.Entity.Core.Query.InternalTrees.GroupByIntoOp	7	9	4	7	6	0	0	0	1.609437912
System.Data.Entity.Core.Query.InternalTrees	GroupByOp	System.Data.Entity.Core.Query.InternalTrees.GroupByOp	6	7	4	6	6	0	0	0	1.609437912
System.Data.Entity.Core.Query.InternalTrees	InnerJoinOp	System.Data.Entity.Core.Query.InternalTrees.InnerJoinOp	4	6	4	4	5	0	0	0	1.609437912
System.Data.Entity.Core.Query.InternalTrees	InternalConstantOp	System.Data.Entity.Core.Query.InternalTrees.InternalConstantOp	5	7	4	5	7	0	0	0	1.609437912
System.Data.Entity.Core.Query.InternalTrees	IntersectOp	System.Data.Entity.Core.Query.InternalTrees.IntersectOp	5	6	4	5	7	0	0	0	1.609437912
System.Data.Entity.Core.Query.InternalTrees	LeftOuterJoinOp	System.Data.Entity.Core.Query.InternalTrees.LeftOuterJoinOp	4	6	4	4	5	0	0	0	1.609437912
System.Data.Entity.Core.Query.InternalTrees	MultipleDiscriminatorPolymorphicColumnMap	System.Data.Entity.Core.Query.InternalTrees.MultipleDiscriminatorPolymorphicColumnMap	7	22	4	8	17	0	0	0	1.609437912
System.Data.Entity.Core.Query.InternalTrees	MultiStreamNestOp	System.Data.Entity.Core.Query.InternalTrees.MultiStreamNestOp	3	4	4	3	9	0	0	0	1.609437912
System.Data.Entity.Core.Query.InternalTrees	NewEntityOp	System.Data.Entity.Core.Query.InternalTrees.NewEntityOp	5	6	4	5	9	0	0	0	1.609437912
System.Data.Entity.Core.Query.InternalTrees	NullOp	System.Data.Entity.Core.Query.InternalTrees.NullOp	5	6	4	5	6	0	0	0	1.609437912
System.Data.Entity.Core.Query.InternalTrees	NullSentinelOp	System.Data.Entity.Core.Query.InternalTrees.NullSentinelOp	5	6	4	5	6	0	0	0	1.609437912
System.Data.Entity.Core.Query.InternalTrees	OuterApplyOp	System.Data.Entity.Core.Query.InternalTrees.OuterApplyOp	4	6	4	4	5	0	0	0	1.609437912
System.Data.Entity.Core.Query.InternalTrees	ScanTableOp	System.Data.Entity.Core.Query.InternalTrees.ScanTableOp	6	7	4	6	6	0	0	0	1.609437912
System.Data.Entity.Core.Query.InternalTrees	ScanViewOp	System.Data.Entity.Core.Query.InternalTrees.ScanViewOp	6	7	4	6	6	0	0	0	1.609437912
System.Data.Entity.Core.Query.InternalTrees	SimplePolymorphicColumnMap	System.Data.Entity.Core.Query.InternalTrees.SimplePolymorphicColumnMap	6	19	4	7	14	0	0	0	1.609437912
System.Data.Entity.Core.Query.InternalTrees	SingleStreamNestOp	System.Data.Entity.Core.Query.InternalTrees.SingleStreamNestOp	7	11	4	7	10	0	0	0	1.609437912
System.Data.Entity.Core.Query.InternalTrees	SortOp	System.Data.Entity.Core.Query.InternalTrees.SortOp	6	7	4	6	7	0	0	0	1.609437912
System.Data.Entity.Core.Query.InternalTrees	UnionAllOp	System.Data.Entity.Core.Query.InternalTrees.UnionAllOp	6	8	4	6	8	0	0	0	1.609437912
System.Data.Entity.Core.Query.PlanCompiler	GroupAggregateVarComputationTranslator	System.Data.Entity.Core.Query.PlanCompiler.GroupAggregateVarComputationTranslator	12	113	3	44	30	0	0	0	1.609437912
System.Data.Entity.Core.Query.PlanCompiler	Normalizer	System.Data.Entity.Core.Query.PlanCompiler.Normalizer	10	69	4	16	26	0	0	0	1.609437912
System.Data.Entity.Core.Query.PlanCompiler	OpCopierTrackingCollectionVars	System.Data.Entity.Core.Query.PlanCompiler.OpCopierTrackingCollectionVars	3	14	4	4	10	0	0	0	1.609437912
System.Data.Entity.Core.SchemaObjectModel	CollectionTypeElement	System.Data.Entity.Core.SchemaObjectModel.CollectionTypeElement	14	83	4	32	24	0	0	0	1.609437912
System.Data.Entity.Core.SchemaObjectModel	FunctionImportElement	System.Data.Entity.Core.SchemaObjectModel.FunctionImportElement	15	113	4	72	29	0	0	0	1.609437912
System.Data.Entity.Core.SchemaObjectModel	ModelFunction	System.Data.Entity.Core.SchemaObjectModel.ModelFunction	11	47	4	25	22	0	0	0	1.609437912
System.Data.Entity.Core.SchemaObjectModel	ReferenceTypeElement	System.Data.Entity.Core.SchemaObjectModel.ReferenceTypeElement	7	30	4	13	20	0	0	0	1.609437912
System.Data.Entity.Core.SchemaObjectModel	RowTypeElement	System.Data.Entity.Core.SchemaObjectModel.RowTypeElement	9	52	4	26	22	0	0	0	1.609437912
System.Data.Entity.Core.SchemaObjectModel	RowTypePropertyElement	System.Data.Entity.Core.SchemaObjectModel.RowTypePropertyElement	14	112	4	44	30	0	0	0	1.609437912
System.Data.Entity.Core.SchemaObjectModel	SchemaComplexType	System.Data.Entity.Core.SchemaObjectModel.SchemaComplexType	3	17	4	9	8	0	0	0	1.609437912
System.Data.Entity.Core.SchemaObjectModel	SchemaEntityType	System.Data.Entity.Core.SchemaObjectModel.SchemaEntityType	12	64	4	35	16	0	0	0	1.609437912
System.Data.Entity.Core.SchemaObjectModel	TypeRefElement	System.Data.Entity.Core.SchemaObjectModel.TypeRefElement	7	31	4	14	19	0	0	0	1.609437912
System.Data.Entity.Infrastructure	CommitFailedException	System.Data.Entity.Infrastructure.CommitFailedException	4	4	4	4	5	0	0	0	1.609437912
System.Data.Entity.Infrastructure	DbEntityEntry	System.Data.Entity.Infrastructure.DbEntityEntry	25	59	1	31	26	0	0	0	1.609437912
System.Data.Entity.Infrastructure	DbUpdateException	System.Data.Entity.Infrastructure.DbUpdateException	6	20	4	15	17	0	0	0	1.609437912
System.Data.Entity.Infrastructure	UnintentionalCodeFirstException	System.Data.Entity.Infrastructure.UnintentionalCodeFirstException	4	4	4	4	5	0	0	0	1.609437912
System.Data.Entity.Infrastructure.Interception	BeginTransactionInterceptionContext	System.Data.Entity.Infrastructure.Interception.BeginTransactionInterceptionContext	13	33	4	14	9	0	0	0	1.609437912
System.Data.Entity.Infrastructure.Interception	DbCommandInterceptionContext<TResult>	System.Data.Entity.Infrastructure.Interception.DbCommandInterceptionContext<TResult>	25	38	3	25	14	0	0	0	1.609437912
System.Data.Entity.Infrastructure.Interception	EnlistTransactionInterceptionContext	System.Data.Entity.Infrastructure.Interception.EnlistTransactionInterceptionContext	13	31	4	14	8	0	0	0	1.609437912
System.Data.Entity.Internal	AppConfig	System.Data.Entity.Internal.AppConfig	15	46	1	26	35	0	0	0	1.609437912
System.Data.Entity.Internal	EagerInternalContext	System.Data.Entity.Internal.EagerInternalContext	25	40	2	29	14	0	0	0	1.609437912
System.Data.Entity.Internal	ObservableBackedBindingList<T>	System.Data.Entity.Internal.ObservableBackedBindingList<T>	11	67	4	40	12	0	0	0	1.609437912
System.Data.Entity.ModelConfiguration.Configuration.Properties.Primitive	DateTimePropertyConfiguration	System.Data.Entity.ModelConfiguration.Configuration.Properties.Primitive.DateTimePropertyConfiguration	11	33	4	21	11	0	0	0	1.609437912
System.Data.Entity.ModelConfiguration.Configuration.Properties.Primitive	DecimalPropertyConfiguration	System.Data.Entity.ModelConfiguration.Configuration.Properties.Primitive.DecimalPropertyConfiguration	13	46	4	30	11	0	0	0	1.609437912
System.Data.Entity.ModelConfiguration.Configuration.Properties.Primitive	LengthPropertyConfiguration	System.Data.Entity.ModelConfiguration.Configuration.Properties.Primitive.LengthPropertyConfiguration	14	59	4	37	12	0	0	0	1.609437912
System.Data.Entity.Validation	DbEntityValidationException	System.Data.Entity.Validation.DbEntityValidationException	7	16	4	8	10	0	0	0	1.609437912
System.Data.Entity.Validation	DbUnexpectedValidationException	System.Data.Entity.Validation.DbUnexpectedValidationException	4	4	4	4	5	0	0	0	1.609437912
System.Data.Entity.Core.Common	DbCommandDefinition	System.Data.Entity.Core.Common.DbCommandDefinition	10	87	1	46	15	0	0	0	1.386294361
System.Data.Entity.Core.Common.Utils	CommandHelper	System.Data.Entity.Core.Common.Utils.CommandHelper	7	64	1	27	34	0	0	0	1.386294361
System.Data.Entity.Core.Mapping.Update.Internal	KeyManager	System.Data.Entity.Core.Mapping.Update.Internal.KeyManager	19	128	1	54	34	0	0	0	1.386294361
System.Data.Entity.Core.Mapping.ViewGeneration.Structures	TypeConstant	System.Data.Entity.Core.Mapping.ViewGeneration.Structures.TypeConstant	13	78	3	31	34	0	0	0	1.386294361
System.Data.Entity.Core.Objects.ELinq	ExpressionConverter.OrderByLifter.OrderByLifterBase	System.Data.Entity.Core.Objects.ELinq.ExpressionConverter.OrderByLifter.OrderByLifterBase	19	89	1	42	28	0	0	0	1.386294361
System.Data.Entity.Core.Objects.Internal	ShapelessBufferedDataRecord	System.Data.Entity.Core.Objects.Internal.ShapelessBufferedDataRecord	24	103	2	41	18	0	0	0	1.386294361
System.Data.Entity.Core.Query.PlanCompiler	ColumnMapTranslator	System.Data.Entity.Core.Query.PlanCompiler.ColumnMapTranslator	20	121	2	52	34	0	0	0	1.386294361
System.Data.Entity.Core.Query.PlanCompiler	VarRemapper	System.Data.Entity.Core.Query.PlanCompiler.VarRemapper	24	83	2	37	30	0	0	0	1.386294361
System.Data.Entity.Infrastructure	TransactionContextInitializer<TContext>	System.Data.Entity.Infrastructure.TransactionContextInitializer<TContext>	3	30	1	10	34	0	0	0	1.386294361
System.Data.Entity.Infrastructure.Interception	IDbConnectionInterceptor	System.Data.Entity.Infrastructure.Interception.IDbConnectionInterceptor	24	0	0	24	8	0	0	0	1.386294361
System.Data.Entity.Internal	PropertyEntryMetadata	System.Data.Entity.Internal.PropertyEntryMetadata	7	43	2	16	28	0	0	0	1.386294361
System.Data.Entity.ModelConfiguration.Configuration	TphColumnFixer	System.Data.Entity.ModelConfiguration.Configuration.TphColumnFixer	2	38	1	27	27	0	0	0	1.386294361
System.Data.Entity.Core.Common.CommandTrees.ExpressionBuilder.Internal	"EnumerableValidator<TElementIn, TElementOut, TResult>"	"System.Data.Entity.Core.Common.CommandTrees.ExpressionBuilder.Internal.EnumerableValidator<TElementIn, TElementOut, TResult>"	13	49	1	26	14	0	0	0	1.098612289
System.Data.Entity.Core.Metadata.Edm	EntityContainer	System.Data.Entity.Core.Metadata.Edm.EntityContainer	23	117	3	51	30	0	0	0	1.098612289
System.Data.Entity.Core.Metadata.Edm	FunctionParameter	System.Data.Entity.Core.Metadata.Edm.FunctionParameter	23	51	2	34	20	0	0	0	1.098612289
System.Data.Entity.Core.Metadata.Edm	ObjectItemConventionAssemblyLoader	System.Data.Entity.Core.Metadata.Edm.ObjectItemConventionAssemblyLoader	10	53	2	32	33	0	0	0	1.098612289
System.Data.Entity.Core.Objects	EntitySqlQueryState	System.Data.Entity.Core.Objects.EntitySqlQueryState	9	66	2	28	33	0	0	0	1.098612289
System.Data.Entity.Core.Query.InternalTrees	VarVec	System.Data.Entity.Core.Query.InternalTrees.VarVec	23	80	1	43	11	0	0	0	1.098612289
System.Data.Entity.Infrastructure	DbCompiledModel	System.Data.Entity.Infrastructure.DbCompiledModel	8	34	1	17	33	0	0	0	1.098612289
System.Data.Entity.Migrations.Builders	ColumnBuilder	System.Data.Entity.Migrations.Builders.ColumnBuilder	23	46	1	23	15	0	0	0	1.098612289
System.Data.Entity.Migrations.Builders	ParameterBuilder	System.Data.Entity.Migrations.Builders.ParameterBuilder	23	46	1	23	13	0	0	0	1.098612289
System.Data.Entity.Migrations.Model	PropertyModel	System.Data.Entity.Migrations.Model.PropertyModel	23	57	1	48	6	0	0	0	1.098612289
System.Data.Entity.ModelConfiguration.Configuration.Mapping	EntityMappingOperations	System.Data.Entity.ModelConfiguration.Configuration.Mapping.EntityMappingOperations	9	67	1	37	33	0	0	0	1.098612289
System.Data.Entity.ModelConfiguration.Conventions	StoreGeneratedIdentityKeyConvention	System.Data.Entity.ModelConfiguration.Conventions.StoreGeneratedIdentityKeyConvention	5	34	1	36	33	0	0	0	1.098612289
System.Data.Entity.Core.Common	DbXmlEnabledProviderManifest	System.Data.Entity.Core.Common.DbXmlEnabledProviderManifest	10	56	2	25	32	0	0	0	0.693147181
System.Data.Entity.Core.Common.CommandTrees	DbLambda	System.Data.Entity.Core.Common.CommandTrees.DbLambda	22	236	1	23	28	0	0	0	0.693147181
System.Data.Entity.Core.Mapping	AssociationSetMapping	System.Data.Entity.Core.Mapping.AssociationSetMapping	22	56	3	30	24	0	0	0	0.693147181
System.Data.Entity.Core.Mapping	ModificationFunctionMapping	System.Data.Entity.Core.Mapping.ModificationFunctionMapping	11	43	2	25	32	0	0	0	0.693147181
System.Data.Entity.Core.Mapping.ViewGeneration.QueryRewriting	FragmentQueryKBChaseSupport	System.Data.Entity.Core.Mapping.ViewGeneration.QueryRewriting.FragmentQueryKBChaseSupport	13	97	3	41	32	0	0	0	0.693147181
System.Data.Entity.Core.Mapping.ViewGeneration.QueryRewriting	RewritingPass<T_Tile>	System.Data.Entity.Core.Mapping.ViewGeneration.QueryRewriting.RewritingPass<T_Tile>	9	97	1	42	11	0	0	0	0.693147181
System.Data.Entity.Core.Mapping.ViewGeneration.QueryRewriting	RewritingSimplifier<T_Tile>	System.Data.Entity.Core.Mapping.ViewGeneration.QueryRewriting.RewritingSimplifier<T_Tile>	9	92	1	29	10	0	0	0	0.693147181
System.Data.Entity.Core.Mapping.ViewGeneration.Validation	RewritingValidator.WhereClauseVisitor	System.Data.Entity.Core.Mapping.ViewGeneration.Validation.RewritingValidator.WhereClauseVisitor	10	36	2	19	32	0	0	0	0.693147181
System.Data.Entity.Core.Query.InternalTrees	Node	System.Data.Entity.Core.Query.InternalTrees.Node	22	46	1	31	7	0	0	0	0.693147181
System.Data.Entity.Core.SchemaObjectModel	StructuredType	System.Data.Entity.Core.SchemaObjectModel.StructuredType	22	126	3	59	19	0	0	0	0.693147181
System.Data.Entity.Infrastructure.Interception	MutableInterceptionContext<TResult>	System.Data.Entity.Infrastructure.Interception.MutableInterceptionContext<TResult>	22	34	2	22	12	0	0	0	0.693147181
System.Data.Entity.Infrastructure.Interception	PropertyInterceptionContext<TValue>	System.Data.Entity.Infrastructure.Interception.PropertyInterceptionContext<TValue>	22	42	2	23	10	0	0	0	0.693147181
System.Data.Entity.Migrations.Infrastructure	MigratorBase	System.Data.Entity.Migrations.Infrastructure.MigratorBase	22	52	1	24	18	0	0	0	0.693147181